Workbook

Sheet Voting Results
A1: Timestamp | B1: Voter name (KVR nick) | C1: AdagioCm - Hello OSC | D1: Bumtu - Digital Nomad | E1: bzur - A Meditation | F1: Doc Jon - The Principle of Progress | G1: elipsis1 - Propitiation | H1: evo2slo - Moog Me Baby! | I1: Irion Da Ronin - Our Last Words of Love | J1: Jasinski- Feeling Free (Arturia Mini V OSC entry) | K1: key88 - Arturia | L1: Key88 - MoogyBlues | M1: Loris Solic - Using voltage to fix my eardrums | N1: menegass - Disarmer Land Mine | O1: Mulperi - In The Rain | P1: nikp2000 - V5 | Q1: oopfoo - OSC42 - An Arrangement | R1: oopfoo - OSC42 - Another Chance | S1: oopfoo - OSC42 - Never Been Better | T1: Papatomany - by the light of the gibbous moon | U1: Papatomany - the banished satyr | V1: Photonic - wellcome mr higgs | W1: Risk - Elektroherz | X1: RuediRena - Devil's Playground | Y1: Skyzone - Black hole of infinity | Z1: Skyzone - Classical flavour | AA1: Skyzone - The perfect butterfly | AB1: Skyzone - The silent majority...... | AC1: Third Floor - Minibob ( KVR - OSC42 Entry ) | AD1: Waltercruz - Drowned (KVR OSC-42 Mini-V) | AE1: Yeager - Fosbury Flop | AF1: z.prime - Lament | AG1: nikp2000-v8 | AH1: APZX - Veiled Journey
A2: 41122.74 | B2: muLperi | E2: 2 | F2: 4 | I2: 3 | J2: 5 | V2: 1
A3: 41123.624 | B3: IrionDaRonin | C3: 3 | E3: 1 | G3: 4 | O3: 5 | Z3: 2
A4: 41123.625 | B4: waltercruz | C4: 5 | I4: 3 | J4: 4 | AA4: 1 | AH4: 2
A5: 41123.626 | B5: APZX | C5: 2 | E5: 4 | F5: 5 | R5: 1 | V5: 3
A6: 41123.839 | B6: evo2slo | C6: 2 | F6: 4 | G6: 1 | I6: 3 | J6: 5
A7: 41124.681 | B7: menegass | C7: 4 | H7: 3 | J7: 5 | R7: 2 | AF7: 1
A8: 41124.682 | B8: Stonail | E8: 1 | G8: 5 | I8: 2 | J8: 3 | AF8: 4
A9: 41125.603 | B9: elipsis1 | E9: 2 | I9: 5 | J9: 4 | O9: 3 | AE9: 1
A10: 41126.482 | B10: 3ee | F10: 1 | I10: 4 | O10: 2 | AB10: 3 | AE10: 5
A11: 41126.482 | B11: nikp2000 | E11: 3 | H11: 4 | I11: 5 | V11: 1 | AF11: 2
A12: 41126.483 | B12: adagiocm | F12: 3 | H12: 5 | I12: 4 | O12: 1 | AA12: 2
A13: 41126.667 | B13: Skyzone | C13: 3 | G13: 2 | X13: 1 | AF13: 4 | AH13: 5
A14: 41126.668 | B14: photonic | F14: 5 | I14: 3 | O14: 2 | AE14: 1 | AH14: 4
A15: 41128.014 | B15: jasinski | D15: 5 | F15: 2 | AC15: 3 | AE15: 1 | AF15: 4
A16: 41128.106 | B16: Oopfoo | H16: 2 | I16: 3 | J16: 4 | AE16: 1 | AF16: 5
B17: Oktipus | C17: 4 | D17: 3 | M17: 1 | T17: 2 | X17: 5
A18: 41132.549 | B18: Pulse Width Modulation | I18: 4 | J18: 2 | O18: 1 | V18: 3 | AE18: 5
A19: 41132.764 | B19: Doc Jon | I19: 4 | J19: 5 | AA19: 1 | AE19: 3 | AF19: 2
A20: 41132.798 | B20: satYatunes | I20: 3 | O20: 4 | AC20: 1 | AF20: 5 | AH20: 2
A21: 41133.936 | B21: loris16148 | F21: 1 | I21: 2 | J21: 5 | Z21: 4 | AE21: 3
A22: 41135.1 | B22: Aiynzahev | E22: 3 | F22: 4 | I22: 5 | O22: 1 | AF22: 2
A23: 41135.744 | B23: Third Floor | E23: 2 | G23: 1 | I23: 5 | J23: 4 | AF23: 3
A24: 41135.81 | B24: Yeager | E24: 1 | F24: 2 | I24: 4 | J24: 5 | AF24: 3
A25: 41135.821 | B25: RuediRena | G25: 1 | H25: 2 | I25: 3 | J25: 5 | AE25: 4
A26: 41136.135 | B26: kraftraum | F26: 3 | G26: 5 | J26: 4 | Y26: 2 | AF26: 1
A27: 41136.513 | B27: key88 | G27: 3 | H27: 5 | M27: 2 | O27: 1 | U27: 4
A28: 41136.759 | B28: Bzur | F28: 4 | I28: 5 | O28: 2 | AC28: 3 | AF28: 1
A29: 41136.828 | B29: z.prime | D29: 3 | G29: 5 | I29: 4 | J29: 2 | Z29: 1
A30: 41136.907 | B30: loser | G30: 5 | I30: 3 | J30: 4 | Z30: 2 | AF30: 1
A31: 41136.96 | B31: bumtu | H31: 3 | K31: 1 | Z31: 4 | AC31: 2 | AF31: 5
A32: 41137.06 | B32: V-GER | H32: 3 | I32: 5 | J32: 1 | T32: 4 | AC32: 2
A33: 41137.462 | B33: papatomany | G33: 3 | I33: 5 | AA33: 4 | AE33: 1 | AF33: 2

Sheet TOTAL SCORES
A1: ='Voting Results'!$I$1 -> Irion Da Ronin - Our Last Words of Love | B1: =SUM('Voting Results'!I1:I125) -> 87
A2: ='Voting Results'!$J$1 -> Jasinski- Feeling Free (Arturia Mini V OSC entry) | B2: =SUM('Voting Results'!J1:J125) -> 67
A3: ='Voting Results'!$AF$1 -> z.prime - Lament | B3: =SUM('Voting Results'!AF1:AF104) -> 45
A4: ='Voting Results'!$F$1 -> Doc Jon - The Principle of Progress | B4: =SUM('Voting Results'!F1:F131) -> 38
A5: ='Voting Results'!$G$1 -> elipsis1 - Propitiation | B5: =SUM('Voting Results'!G1:G131) -> 35
A6: ='Voting Results'!$H$1 -> evo2slo - Moog Me Baby! | B6: =SUM('Voting Results'!H1:H131) -> 27
A7: ='Voting Results'!$AE$1 -> Yeager - Fosbury Flop | B7: =SUM('Voting Results'!AE1:AE109) -> 25
A8: ='Voting Results'!$C$1 -> AdagioCm - Hello OSC | B8: =SUM('Voting Results'!C1:C138) -> 23
A9: ='Voting Results'!$O$1 -> Mulperi - In The Rain | B9: =SUM('Voting Results'!O1:O127) -> 22
A10: ='Voting Results'!$E$1 -> bzur - A Meditation | B10: =SUM('Voting Results'!E1:E138) -> 19
A11: ='Voting Results'!$AH$1 -> APZX - Veiled Journey | B11: =SUM('Voting Results'!Z1:Z118) -> 13
A12: ='Voting Results'!$Z$1 -> Skyzone - Classical flavour | B12: =SUM('Voting Results'!AH1:AH111) -> 13
A13: ='Voting Results'!$D$1 -> Bumtu - Digital Nomad | B13: =SUM('Voting Results'!AC1:AC117) -> 11
A14: ='Voting Results'!$AC$1 -> Third Floor - Minibob ( KVR - OSC42 Entry ) | B14: =SUM('Voting Results'!D1:D143) -> 11
A15: ='Voting Results'!$AA$1 -> Skyzone - The perfect butterfly | B15: =SUM('Voting Results'!V1:V126) -> 8
A16: ='Voting Results'!$V$1 -> Photonic - wellcome mr higgs | B16: =SUM('Voting Results'!AA1:AA122) -> 8
A17: ='Voting Results'!$X$1 -> RuediRena - Devil's Playground | B17: =SUM('Voting Results'!T1:T130) -> 6
A18: ='Voting Results'!$T$1 -> Papatomany - by the light of the gibbous moon | B18: =SUM('Voting Results'!X1:X127) -> 6
A19: ='Voting Results'!$U$1 -> Papatomany - the banished satyr | B19: =SUM('Voting Results'!U1:U131) -> 4
A20: ='Voting Results'!$AB$1 -> Skyzone - The silent majority...... | B20: =SUM('Voting Results'!R1:R135) -> 3
A21: ='Voting Results'!$R$1 -> oopfoo - OSC42 - Another Chance | B21: =SUM('Voting Results'!AB1:AB126) -> 3
A22: ='Voting Results'!$M$1 -> Loris Solic - Using voltage to fix my eardrums | B22: =SUM('Voting Results'!M1:M142) -> 3
A23: ='Voting Results'!$Y$1 -> Skyzone - Black hole of infinity | B23: =SUM('Voting Results'!Y1:Y131) -> 2
A24: ='Voting Results'!$K$1 -> key88 - Arturia | B24: =SUM('Voting Results'!K1:K146) -> 1
A25: ='Voting Results'!$L$1 -> Key88 - MoogyBlues | B25: =SUM('Voting Results'!L1:L146) -> 0
A26: ='Voting Results'!$N$1 -> menegass - Disarmer Land Mine | B26: =SUM('Voting Results'!N1:N145) -> 0
A27: ='Voting Results'!$P$1 -> nikp2000 - V5 | B27: =SUM('Voting Results'!P1:P144) -> 0
A28: ='Voting Results'!$Q$1 -> oopfoo - OSC42 - An Arrangement | B28: =SUM('Voting Results'!Q1:Q144) -> 0
A29: ='Voting Results'!$S$1 -> oopfoo - OSC42 - Never Been Better | B29: =SUM('Voting Results'!S1:S143) -> 0
A30: ='Voting Results'!$W$1 -> Risk - Elektroherz | B30: =SUM('Voting Results'!W1:W140) -> 0
A31: ='Voting Results'!$AD$1 -> Waltercruz - Drowned (KVR OSC-42 Mini-V) | B31: =SUM('Voting Results'!AD1:AD134) -> 0
A32: ='Voting Results'!$AG$1 -> nikp2000-v8 | B32: =SUM('Voting Results'!AG1:AG132) -> 0
