Workbook

Sheet Voting Results
A1: Timestamp | B1: Voter name (KVR nick) | C1: Ancient - WarOfThePlushies | D1: Archon1024 - Forget the Rain | E1: Bjporter - Shubatiedoobop Part 2 - The Bamboo Synthtar Hymm | F1: CapDan - Run for Cover (better late then never) | G1: Doc Jon - Everybody Wants to Play With Triplets | H1: Gorgorgathgorgorgor - The Imposter | I1: Gorgorgathgorgorgor - Wrest | J1: Happy Frog – She Want's Future Pop | K1: Mike777 - Hymn For The Lost Planet | L1: mrblitz000 - Anonymous_Call | M1: painpotato - sincerely yours | N1: ParadoxUn - makkverk | O1: Revorg1 - 5651 | P1: Revorg1 - Three Beer Chicken Monkey | Q1: satYatunes - Sunshine | R1: Tattiemannie - Defin-8-ly barrawehweemanyeno | S1: uiiuiiu - Only three seasons | T1: Xaphoid - Ride the Saw (Massive Mix) | U1: Yeager - Knights in Manhattan
A2: 40603.677 | B2: Torchlight | C2: 5 | E2: 2 | N2: 1 | P2: 3 | T2: 4
A3: 40608.225 | B3: Gorgorgathgorgorgor | C3: 5 | P3: 4 | R3: 3 | S3: 2 | U3: 1
A4: 40610.76 | B4: Happy Frog | K4: 2 | M4: 4 | N4: 5 | P4: 1 | Q4: 3
A5: 40611.249 | B5: bjporter | C5: 1 | G5: 2 | L5: 3 | O5: 4 | R5: 5
A6: 40611.854 | B6: Doc Jon | O6: 1 | Q6: 3 | S6: 5 | T6: 2 | U6: 4
A7: 40613.792 | B7: ancient | E7: 2 | G7: 3 | M7: 1 | O7: 5 | U7: 4
A8: 40615.848 | B8: Mike777 | C8: 5 | M8: 4 | O8: 2 | Q8: 1 | T8: 3
A9: 40616.235 | B9: Yeager | C9: 3 | H9: 2 | N9: 1 | O9: 4 | S9: 5
A10: 40616.46 | B10: painpotato | C10: 5 | D10: 4 | E10: 2 | R10: 1 | S10: 3
A11: 40617.8 | B11: capdanX | C11: 1 | G11: 2 | M11: 5 | Q11: 3 | T11: 4
A12: 40617.801 | B12: Resonator63 | C12: 2 | D12: 5 | O12: 3 | R12: 1 | S12: 4
A13: 40617.802 | B13: revorg1 | C13: 3 | D13: 1 | R13: 5 | T13: 4 | U13: 2
A14: 40617.803 | B14: satYatunes | F14: 5 | H14: 3 | I14: 1 | J14: 4 | L14: 2
A15: 40617.804 | B15: tattiemannie | H15: 4 | M15: 5 | P15: 3 | T15: 1 | U15: 2
A16: 40617.805 | B16: Talos | D16: 3 | G16: 1 | M16: 2 | R16: 4 | T16: 5
A17: 40617.876 | B17: uiiuiiu | C17: 5 | M17: 1 | R17: 4 | T17: 3 | U17: 2
A18: 40617.89 | B18: V'ger | M18: 3 | N18: 2 | R18: 4 | T18: 5 | U18: 1
A19: 40618.38 | B19: mrblitz000 | I19: 3 | J19: 1 | K19: 5 | P19: 4 | Q19: 2
B20: ParadoxUn | C20: 1 | G20: 2 | I20: 4 | Q20: 3 | T20: 5

Sheet TOTAL SCORES
A1: ='Voting Results'!$C$1 -> Ancient - WarOfThePlushies | B1: =SUM('Voting Results'!C1:C118) -> 36
A2: ='Voting Results'!$T$1 -> Xaphoid - Ride the Saw (Massive Mix) | B2: =SUM('Voting Results'!T1:T102) -> 36
A3: ='Voting Results'!$R$1 -> Tattiemannie - Defin-8-ly barrawehweemanyeno | B3: =SUM('Voting Results'!R1:R105) -> 27
A4: ='Voting Results'!$M$1 -> painpotato - sincerely yours | B4: =SUM('Voting Results'!M1:M111) -> 25
A5: ='Voting Results'!$O$1 -> Revorg1 - 5651 | B5: =SUM('Voting Results'!O1:O110) -> 19
A6: ='Voting Results'!$S$1 -> uiiuiiu - Only three seasons | B6: =SUM('Voting Results'!S1:S107) -> 19
A7: ='Voting Results'!$U$1 -> Yeager - Knights in Manhattan | B7: =SUM('Voting Results'!U1:U106) -> 16
A8: ='Voting Results'!$P$1 -> Revorg1 - Three Beer Chicken Monkey | B8: =SUM('Voting Results'!P1:P112) -> 15
A9: ='Voting Results'!$Q$1 -> satYatunes - Sunshine | B9: =SUM('Voting Results'!Q1:Q112) -> 15
A10: ='Voting Results'!$D$1 -> Archon1024 - Forget the Rain | B10: =SUM('Voting Results'!D1:D126) -> 13
A11: ='Voting Results'!$G$1 -> Doc Jon - Everybody Wants to Play With Triplets | B11: =SUM('Voting Results'!G1:G124) -> 10
A12: ='Voting Results'!$H$1 -> Gorgorgathgorgorgor - The Imposter | B12: =SUM('Voting Results'!H2:H124) -> 9
A13: ='Voting Results'!$N$1 -> ParadoxUn - makkverk | B13: =SUM('Voting Results'!N2:N119) -> 9
A14: ='Voting Results'!$I$1 -> Gorgorgathgorgorgor - Wrest | B14: =SUM('Voting Results'!I1:I125) -> 8
A15: ='Voting Results'!$K$1 -> Mike777 - Hymn For The Lost Planet | B15: =SUM('Voting Results'!K2:K124) -> 7
A16: ='Voting Results'!$E$1 -> Bjporter - Shubatiedoobop Part 2 - The Bamboo Synthtar Hymm | B16: =SUM('Voting Results'!E2:E131) -> 6
A17: ='Voting Results'!$F$1 -> CapDan - Run for Cover (better late then never) | B17: =SUM('Voting Results'!F2:F131) -> 5
A18: ='Voting Results'!$J$1 -> Happy Frog – She Want's Future Pop | B18: =SUM('Voting Results'!J2:J128) -> 5
A19: ='Voting Results'!$L$1 -> mrblitz000 - Anonymous_Call | B19: =SUM('Voting Results'!L2:L127) -> 5
