Workbook

Sheet Voting Results
A1: Timestamp | B1: Voter name (KVR nick) | C1: Bzur - 12-16 thing | D1: Bzur - Agnostic Kyrie | E1: DJ Anvil - Braindead | F1: evo2slo - Mad Without Power | G1: Funkfeuer - Colourdrunken | H1: Gorgorgathgorgorgor - kIHl AOl hyUWmAEnz | I1: IrionDaRonin - A Cyborg's Dream | J1: IrionDaRonin - Orion | K1: McPanic - Spaziergang | L1: Numerologia - Massacre at the moon | M1: RuediRena - Don't Panic! | N1: RuediRena - Sommerrausch | O1: Sly Swell - Car Chase On Ocean Drive | P1: Stonail - Doomed By Lady Salvia | Q1: Tattiemannie - Say That Again | R1: V'ger - V-2 | S1: Yeager - Sour Crowd
A2: 40757.892 | B2: Funkfeuer | C2: 2 | J2: 4 | K2: 3 | P2: 1 | R2: 5
A3: 40759.592 | B3: satYatunes | C3: 4 | F3: 2 | I3: 3 | N3: 1 | R3: 5
A4: 40759.937 | B4: evo2slo | C4: 4 | G4: 3 | I4: 5 | Q4: 1 | R4: 2
A5: 40761.28 | B5: IrionDaRonin | D5: 2 | F5: 1 | O5: 3 | R5: 4 | S5: 5
A6: 40764.292 | B6: SJMmusic | C6: 1 | D6: 3 | I6: 4 | K6: 2 | R6: 5
A7: 40765.704 | B7: RuediRena | C7: 2 | D7: 3 | G7: 5 | I7: 4 | L7: 1
A8: 40765.756 | B8: GMoneh | C8: 3 | D8: 4 | J8: 2 | K8: 1 | S8: 5
A9: 40768.034 | B9: Gorgorgath | C9: 5 | D9: 3 | M9: 1 | P9: 4 | Q9: 2
A10: 40768.921 | B10: McPanic | C10: 3 | F10: 1 | J10: 5 | R10: 4 | S10: 2
A11: 40768.922 | B11: sly fly | C11: 2 | F11: 4 | I11: 1 | K11: 3 | Q11: 5
A12: 40769.977 | B12: Yeager | C12: 2 | F12: 3 | I12: 5 | K12: 1 | Q12: 4
A13: 40771.092 | B13: V'ger | C13: 2 | I13: 4 | K13: 3 | P13: 1 | S13: 5
A14: 40771.159 | B14: Tattiemanie | C14: 5 | F14: 2 | J14: 4 | P14: 1 | S14: 3
A15: 40771.663 | B15: bzur | F15: 3 | I15: 5 | P15: 4 | R15: 2 | S15: 1

Sheet TOTAL SCORES
A1: ='Voting Results'!$C$1 -> Bzur - 12-16 thing | B1: =SUM('Voting Results'!C1:C113) -> 35
A2: ='Voting Results'!$I$1 -> IrionDaRonin - A Cyborg's Dream | B2: =SUM('Voting Results'!I1:I108) -> 31
A3: ='Voting Results'!$R$1 -> V'ger - V-2 | B3: =SUM('Voting Results'!R1:R100) -> 27
A4: ='Voting Results'!$S$1 -> Yeager - Sour Crowd | B4: =SUM('Voting Results'!S1:S100) -> 21
A5: ='Voting Results'!$F$1 -> evo2slo - Mad Without Power | B5: =SUM('Voting Results'!F2:F114) -> 16
A6: ='Voting Results'!$J$1 -> IrionDaRonin - Orion | B6: =SUM('Voting Results'!D1:D117) -> 15
A7: ='Voting Results'!$D$1 -> Bzur - Agnostic Kyrie | B7: =SUM('Voting Results'!J1:J112) -> 15
A8: ='Voting Results'!$K$1 -> McPanic - Spaziergang | B8: =SUM('Voting Results'!K1:K112) -> 13
A9: ='Voting Results'!$Q$1 -> Tattiemannie - Say That Again | B9: =SUM('Voting Results'!Q1:Q107) -> 12
A10: ='Voting Results'!$P$1 -> Stonail - Doomed By Lady Salvia | B10: =SUM('Voting Results'!P1:P109) -> 11
A11: ='Voting Results'!$G$1 -> Funkfeuer - Colourdrunken | B11: =SUM('Voting Results'!G1:G119) -> 8
A12: ='Voting Results'!$O$1 -> Sly Swell - Car Chase On Ocean Drive | B12: =SUM('Voting Results'!O1:O112) -> 3
A13: ='Voting Results'!$L$1 -> Numerologia - Massacre at the moon | B13: =SUM('Voting Results'!L1:L116) -> 1
A14: ='Voting Results'!$M$1 -> RuediRena - Don't Panic! | B14: =SUM('Voting Results'!M1:M116) -> 1
A15: ='Voting Results'!$N$1 -> RuediRena - Sommerrausch | B15: =SUM('Voting Results'!N1:N116) -> 1
A16: ='Voting Results'!$E$1 -> DJ Anvil - Braindead | B16: =SUM('Voting Results'!E1:E126) -> 0
A17: ='Voting Results'!$H$1 -> Gorgorgathgorgorgor - kIHl AOl hyUWmAEnz | B17: =SUM('Voting Results'!H1:H124) -> 0
