Workbook

Sheet Voting Results
A1: Timestamp | B1: Voter name (KVR nick) | C1: AdagioCm - Mare Desiderii | D1: AdagioGm - Desiree | E1: Bumtu - Plex Space Cafe | F1: bzur - Whispered Shouts | G1: Doc Jon - Tribal Dawn | H1: evo2slo - Easy As Breathing | I1: Gorgorgathgorgorgor - Return of the Nanozombiez | J1: Kraftraum - Rotation 5 | K1: paranow - Essy | L1: Quaoar - Implex | M1: R0z - Droning | N1: R0z - Rainbow Mouse | O1: RuediRena - Wing Over (Suspended in Mid-Air) | P1: Skyzone - Gentille | Q1: Skyzone - Plex cant stop singing | R1: Skyzone - Plex sings again | S1: Skyzone - That plex sounds........ | T1: Vadymmykh - Move your azz! | U1: Yeager - Die ! | V1: z.prime - Plastique
A2: 41031.156 | B2: bzur | G2: 5 | O2: 4 | S2: 1 | T2: 2 | U2: 3
A3: 41031.157 | B3: SKYZONE | F3: 3 | G3: 5 | H3: 1 | O3: 2 | V3: 4
A4: 41031.644 | B4: adagiocm | F4: 5 | G4: 4 | H4: 1 | O4: 2 | R4: 3
A5: 41033.114 | B5: IrionDaRonin | D5: 5 | E5: 1 | G5: 3 | O5: 2 | U5: 4
A6: 41033.114 | B6: kraftraum | F6: 4 | G6: 2 | O6: 3 | U6: 5 | V6: 1
A7: 41034.116 | B7: bumtu | G7: 2 | I7: 1 | M7: 5 | P7: 3 | V7: 4
A8: 41034.117 | B8: Gorgorgathgorgorgor | E8: 5 | F8: 3 | G8: 4 | J8: 2 | O8: 1
A9: 41034.622 | B9: vadymmykh | E9: 1 | F9: 5 | G9: 3 | Q9: 2 | U9: 4
A10: 41035.752 | B10: Doc Jon | E10: 1 | F10: 3 | J10: 4 | U10: 5 | V10: 2
A11: 41037.009 | B11: rozkun | C11: 4 | E11: 1 | F11: 2 | G11: 5 | U11: 3
A12: 41042.656 | B12: V'ger | F12: 2 | G12: 3 | P12: 1 | U12: 5 | V12: 4
A13: 41042.656 | B13: photonic | F13: 4 | G13: 5 | P13: 2 | U13: 3 | V13: 1
A14: 41044.038 | B14: RuediRena | D14: 2 | F14: 4 | G14: 5 | U14: 3 | V14: 1
A15: 41044.039 | B15: Yeager | F15: 4 | G15: 5 | H15: 1 | J15: 2 | V15: 3
A16: 41044.541 | B16: z.prime | E16: 3 | F16: 4 | G16: 2 | P16: 1 | U16: 5
A17: 41044.933 | B17: evo2slo | E17: 1 | F17: 3 | G17: 5 | O17: 2 | U17: 4

Sheet TOTAL SCORES
A1: ='Voting Results'!$G$1 -> Doc Jon - Tribal Dawn | B1: =SUM('Voting Results'!G1:G111) -> 58
A2: ='Voting Results'!$F$1 -> bzur - Whispered Shouts | B2: =SUM('Voting Results'!F1:F113) -> 46
A3: ='Voting Results'!$U$1 -> Yeager - Die ! | B3: =SUM('Voting Results'!U1:U99) -> 44
A4: ='Voting Results'!$V$1 -> z.prime - Plastique | B4: =SUM('Voting Results'!V1:V99) -> 20
A5: ='Voting Results'!$O$1 -> RuediRena - Wing Over (Suspended in Mid-Air) | B5: =SUM('Voting Results'!O1:O107) -> 16
A6: ='Voting Results'!$E$1 -> Bumtu - Plex Space Cafe | B6: =SUM('Voting Results'!E1:E118) -> 13
A7: ='Voting Results'!$J$1 -> Kraftraum - Rotation 5 | B7: =SUM('Voting Results'!J1:J114) -> 8
A8: ='Voting Results'!$D$1 -> AdagioGm - Desiree | B8: =SUM('Voting Results'!D1:D121) -> 7
A9: ='Voting Results'!$P$1 -> Skyzone - Gentille | B9: =SUM('Voting Results'!P1:P110) -> 7
A10: ='Voting Results'!$M$1 -> R0z - Droning | B10: =SUM('Voting Results'!M1:M114) -> 5
A11: ='Voting Results'!$C$1 -> AdagioCm - Mare Desiderii | B11: =SUM('Voting Results'!C1:C125) -> 4
A12: ='Voting Results'!$H$1 -> evo2slo - Easy As Breathing | B12: =SUM('Voting Results'!H1:H121) -> 3
A13: ='Voting Results'!$R$1 -> Skyzone - Plex sings again | B13: =SUM('Voting Results'!R1:R112) -> 3
A14: ='Voting Results'!$Q$1 -> Skyzone - Plex cant stop singing | B14: =SUM('Voting Results'!Q1:Q114) -> 2
A15: ='Voting Results'!$T$1 -> Vadymmykh - Move your azz! | B15: =SUM('Voting Results'!T1:T112) -> 2
A16: ='Voting Results'!$I$1 -> Gorgorgathgorgorgor - Return of the Nanozombiez | B16: =SUM('Voting Results'!I1:I124) -> 1
A17: ='Voting Results'!$S$1 -> Skyzone - That plex sounds........ | B17: =SUM('Voting Results'!S1:S115) -> 1
A18: ='Voting Results'!$K$1 -> paranow - Essy | B18: =SUM('Voting Results'!K1:K124) -> 0
A19: ='Voting Results'!$L$1 -> Quaoar - Implex | B19: =SUM('Voting Results'!L1:L124) -> 0
A20: ='Voting Results'!$N$1 -> R0z - Rainbow Mouse | B20: =SUM('Voting Results'!N1:N123) -> 0
