Workbook

Sheet TOTAL SCORES
A1: ='Voting Results'!$G$1 -> Cactoos - Such A Bastard | B1: =SUM('Voting Results'!F1:F30) -> 116
A2: ='Voting Results'!$F$1 -> Bjporter - Pancake Delorean Invasion | B2: =SUM('Voting Results'!G1:G30) -> 116
A3: ='Voting Results'!$Y$1 -> Yeager - 10 Grams | B3: =SUM('Voting Results'!Y1:Y30) -> 112
A4: ='Voting Results'!$K$1 -> Kraftraum - Rotation 17 (Cassini - Saturn Umlauf Nummer 199) | B4: =SUM('Voting Results'!K1:K30) -> 110
A5: ='Voting Results'!$I$1 -> Ctx - Courtless Balls | B5: =SUM('Voting Results'!I1:I30) -> 108
A6: ='Voting Results'!$U$1 -> Skyzone - Spectral spiral | B6: =SUM('Voting Results'!U1:U30) -> 107
A7: ='Voting Results'!$Q$1 -> Quadruplea - Nes Fury | B7: =SUM('Voting Results'!Q1:Q30) -> 104
A8: ='Voting Results'!$M$1 -> Martin Lueders - Berlin | B8: =SUM('Voting Results'!M1:M30) -> 103
A9: ='Voting Results'!$H$1 -> Carl Saved - What a friend | B9: =SUM('Voting Results'!H1:H33) -> 101
A10: ='Voting Results'!$T$1 -> Saltline - Pierwsze Swiatlo | B10: =SUM('Voting Results'!T1:T30) -> 97
A11: ='Voting Results'!$O$1 -> Pedalsteeldrummer - They Mostly Come At Night... Mostly | B11: =SUM('Voting Results'!O1:O30) -> 96
A12: ='Voting Results'!$L$1 -> Loft Electronics - Furiously Happy Wasp | B12: =SUM('Voting Results'!L1:L32) -> 92
A13: ='Voting Results'!$W$1 -> Thrax - Soundwave Of Fury | B13: =SUM('Voting Results'!W1:W30) -> 88
A14: ='Voting Results'!$J$1 -> Dead Eddy - Furious Restraint | B14: =SUM('Voting Results'!J1:J30) -> 87
A15: ='Voting Results'!$V$1 -> Stunkit - Furious Mono | B15: =SUM('Voting Results'!V1:V33) -> 86
A16: ='Voting Results'!$R$1 -> Radd - Kelly's Umbrella | B16: =SUM('Voting Results'!R1:R33) -> 85
A17: ='Voting Results'!$X$1 -> Xaenima - Fun & Fury | B17: =SUM('Voting Results'!X1:X33) -> 84
A18: ='Voting Results'!$S$1 -> Ruedirena - Psyclops | B18: =SUM('Voting Results'!S1:S34) -> 83
A19: ='Voting Results'!$N$1 -> NitroWheels - September | B19: =SUM('Voting Results'!N1:N40) -> 75
A20: ='Voting Results'!$E$1 -> Besh We(rde) - Wings Of Fury | B20: =SUM('Voting Results'!E1:E50) -> 74
A21: ='Voting Results'!$D$1 -> Ballacr75 - Seven | B21: =SUM('Voting Results'!D1:D52) -> 73
A22: ='Voting Results'!$C$1 -> Abovethoughts - Inter Galactical Rain Storm | B22: =SUM('Voting Results'!C1:C54) -> 69
A23: ='Voting Results'!$P$1 -> Psmacmur - Mono And Missy | B23: =SUM('Voting Results'!P1:P42) -> 67

Sheet Voting Results
A1: Timestamp | B1: Voter Name (KVR nick) | C1: Abovethoughts - Inter Galactical Rain Storm | D1: Ballacr75 - Seven | E1: Besh We(rde) - Wings Of Fury | F1: Bjporter - Pancake Delorean Invasion | G1: Cactoos - Such A Bastard | H1: Carl Saved - What a friend | I1: Ctx - Courtless Balls | J1: Dead Eddy - Furious Restraint | K1: Kraftraum - Rotation 17 (Cassini - Saturn Umlauf Nummer 199) | L1: Loft Electronics - Furiously Happy Wasp | M1: Martin Lueders - Berlin | N1: NitroWheels - September | O1: Pedalsteeldrummer - They Mostly Come At Night... Mostly | P1: Psmacmur - Mono And Missy | Q1: Quadruplea - Nes Fury | R1: Radd - Kelly's Umbrella | S1: Ruedirena - Psyclops | T1: Saltline - Pierwsze Swiatlo | U1: Skyzone - Spectral spiral | V1: Stunkit - Furious Mono | W1: Thrax - Soundwave Of Fury | X1: Xaenima - Fun & Fury | Y1: Yeager - 10 Grams
A2: 41549.812 | B2: z.prime | C2: 2 | D2: 2 | E2: 3 | F2: 4 | G2: 4 | H2: 4 | I2: 3 | J2: 2 | K2: 4 | L2: 4 | M2: 4 | N2: 4 | O2: 3 | P2: 2 | Q2: 5 | R2: 2 | S2: 3 | T2: 4 | U2: 3 | V2: 3 | W2: 3 | X2: 3 | Y2: 4
A3: 41549.824 | B3: psmacmur | C3: 2 | D3: 3 | E3: 3 | F3: 4 | G3: 4 | H3: 3 | I3: 4 | J3: 3 | K3: 5 | L3: 4 | M3: 4 | N3: 3 | O3: 3 | P3: 1 | Q3: 5 | R3: 4 | S3: 2 | T3: 5 | U3: 4 | V3: 2 | W3: 4 | X3: 3 | Y3: 5
A4: 41550.013 | B4: loft_electronics | C4: 3 | D4: 3 | E4: 3 | F4: 4 | G4: 4 | H4: 5 | I4: 4 | J4: 3 | K4: 4 | L4: 1 | M4: 4 | N4: 3 | O4: 4 | P4: 3 | Q4: 5 | R4: 4 | S4: 3 | T4: 4 | U4: 3 | V4: 3 | W4: 3 | X4: 3 | Y4: 4
A5: 41550.694 | B5: radd | C5: 1 | D5: 2 | E5: 2 | F5: 4 | G5: 5 | H5: 3 | I5: 3 | J5: 2 | K5: 2 | L5: 2 | M5: 3 | N5: 4 | O5: 4 | P5: 3 | Q5: 3 | R5: 1 | S5: 2 | T5: 2 | U5: 3 | V5: 2 | W5: 2 | X5: 3 | Y5: 4
A6: 41550.925 | B6: RuediRena | C6: 4 | D6: 3 | E6: 4 | F6: 4 | G6: 3 | H6: 4 | I6: 5 | J6: 5 | K6: 5 | L6: 4 | M6: 4 | N6: 2 | O6: 5 | P6: 3 | Q6: 5 | R6: 3 | S6: 1 | T6: 2 | U6: 5 | V6: 3 | W6: 3 | X6: 3 | Y6: 5
A7: 41552.257 | B7: tonedef71 | C7: 3 | D7: 3 | E7: 3 | F7: 5 | G7: 5 | H7: 5 | I7: 4 | J7: 4 | K7: 5 | L7: 3 | M7: 4 | N7: 4 | O7: 4 | P7: 4 | Q7: 5 | R7: 4 | S7: 4 | T7: 3 | U7: 5 | V7: 3 | W7: 4 | X7: 4 | Y7: 4
A8: 41553.67 | B8: ballacr75 | C8: 1 | D8: 1 | E8: 1 | F8: 5 | G8: 4 | H8: 2 | I8: 1 | J8: 1 | K8: 1 | L8: 2 | M8: 4 | N8: 1 | O8: 4 | P8: 1 | Q8: 1 | R8: 3 | S8: 1 | T8: 1 | U8: 1 | V8: 2 | W8: 1 | X8: 1 | Y8: 3
A9: 41553.759 | B9: Carl_saved | C9: 2 | D9: 2 | E9: 3 | F9: 5 | G9: 5 | H9: 1 | I9: 5 | J9: 2 | K9: 3 | L9: 4 | M9: 4 | N9: 4 | O9: 4 | P9: 2 | Q9: 3 | R9: 4 | S9: 3 | T9: 3 | U9: 4 | V9: 4 | W9: 3 | X9: 4 | Y9: 4
A10: 41554.483 | B10: Photonic | C10: 3 | D10: 3 | E10: 3 | F10: 5 | G10: 5 | H10: 4 | I10: 4 | J10: 3 | K10: 4 | L10: 2 | M10: 5 | N10: 4 | O10: 3 | P10: 3 | Q10: 2 | R10: 3 | S10: 3 | T10: 4 | U10: 5 | V10: 3 | W10: 3 | X10: 3 | Y10: 5
A11: 41557.864 | B11: QuadrupleA | C11: 3 | D11: 2 | E11: 2 | F11: 4 | G11: 4 | H11: 3 | I11: 4 | J11: 3 | K11: 3 | L11: 5 | M11: 3 | N11: 2 | O11: 3 | P11: 2 | Q11: 1 | R11: 3 | S11: 3 | T11: 3 | U11: 5 | V11: 3 | W11: 3 | X11: 2 | Y11: 4
A12: 41557.911 | B12: nitrowheels | C12: 2 | D12: 2 | E12: 2 | F12: 4 | G12: 4 | H12: 3 | I12: 3 | J12: 2 | K12: 4 | L12: 3 | M12: 3 | N12: 1 | O12: 2 | P12: 2 | Q12: 3 | R12: 2 | S12: 2 | T12: 3 | U12: 2 | V12: 2 | W12: 2 | X12: 3 | Y12: 3
A13: 41558.643 | B13: Blaakk (Previously-'Xaenima') | C13: 3 | D13: 3 | E13: 3 | F13: 5 | G13: 5 | H13: 5 | I13: 5 | J13: 4 | K13: 3 | L13: 3 | M13: 3 | N13: 2 | O13: 2 | P13: 2 | Q13: 4 | R13: 3 | S13: 3 | T13: 4 | U13: 3 | V13: 4 | W13: 3 | X13: 1 | Y13: 4
... A30: 41563.189 | B30: Abovethoughts | C30: 1 | D30: 3 | E30: 3 | F30: 3 | G30: 3 | H30: 3 | I30: 4 | J30: 4 | K30: 5 | L30: 3 | M30: 4 | N30: 3 | O30: 4 | P30: 3 | Q30: 4 | R30: 4 | S30: 5 | T30: 5 | U30: 4 | V30: 5 | W30: 3 | X30: 3 | Y30: 4

Sheet Analysis
A1: Voter Name | B1: Sum given | C1: Ones | D1: Twos | E1: Threes | F1: Fours | G1: Fives
A2: ='Voting Results'!B2 -> z.prime | B2: =SUM('Voting Results'!B2:XX2) -> 75 | C2: =COUNTIF('Voting Results'!B2:XX2, 1) -> 0 | D2: =COUNTIF('Voting Results'!B2:XX2, 2) -> 5 | E2: =COUNTIF('Voting Results'!B2:XX2, 3) -> 8 | F2: =COUNTIF('Voting Results'!B2:XX2, 4) -> 9 | G2: =COUNTIF('Voting Results'!B2:XX2, 5) -> 1
A3: ='Voting Results'!B3 -> psmacmur | B3: =SUM('Voting Results'!B3:XX3) -> 80 | C3: =COUNTIF('Voting Results'!B3:XX3, 1) -> 1 | D3: =COUNTIF('Voting Results'!B3:XX3, 2) -> 3 | E3: =COUNTIF('Voting Results'!B3:XX3, 3) -> 7 | F3: =COUNTIF('Voting Results'!B3:XX3, 4) -> 8 | G3: =COUNTIF('Voting Results'!B3:XX3, 5) -> 4
A4: ='Voting Results'!B4 -> loft_electronics | B4: =SUM('Voting Results'!B4:XX4) -> 80 | C4: =COUNTIF('Voting Results'!B4:XX4, 1) -> 1 | D4: =COUNTIF('Voting Results'!B4:XX4, 2) -> 0 | E4: =COUNTIF('Voting Results'!B4:XX4, 3) -> 11 | F4: =COUNTIF('Voting Results'!B4:XX4, 4) -> 9 | G4: =COUNTIF('Voting Results'!B4:XX4, 5) -> 2
A5: ='Voting Results'!B5 -> radd | B5: =SUM('Voting Results'!B5:XX5) -> 62 | C5: =COUNTIF('Voting Results'!B5:XX5, 1) -> 2 | D5: =COUNTIF('Voting Results'!B5:XX5, 2) -> 9 | E5: =COUNTIF('Voting Results'!B5:XX5, 3) -> 7 | F5: =COUNTIF('Voting Results'!B5:XX5, 4) -> 4 | G5: =COUNTIF('Voting Results'!B5:XX5, 5) -> 1
A6: ='Voting Results'!B6 -> RuediRena | B6: =SUM('Voting Results'!B6:XX6) -> 85 | C6: =COUNTIF('Voting Results'!B6:XX6, 1) -> 1 | D6: =COUNTIF('Voting Results'!B6:XX6, 2) -> 2 | E6: =COUNTIF('Voting Results'!B6:XX6, 3) -> 7 | F6: =COUNTIF('Voting Results'!B6:XX6, 4) -> 6 | G6: =COUNTIF('Voting Results'!B6:XX6, 5) -> 7
A7: ='Voting Results'!B7 -> tonedef71 | B7: =SUM('Voting Results'!B7:XX7) -> 92 | C7: =COUNTIF('Voting Results'!B7:XX7, 1) -> 0 | D7: =COUNTIF('Voting Results'!B7:XX7, 2) -> 0 | E7: =COUNTIF('Voting Results'!B7:XX7, 3) -> 6 | F7: =COUNTIF('Voting Results'!B7:XX7, 4) -> 11 | G7: =COUNTIF('Voting Results'!B7:XX7, 5) -> 6
A8: ='Voting Results'!B8 -> ballacr75 | B8: =SUM('Voting Results'!B8:XX8) -> 43 | C8: =COUNTIF('Voting Results'!B8:XX8, 1) -> 14 | D8: =COUNTIF('Voting Results'!B8:XX8, 2) -> 3 | E8: =COUNTIF('Voting Results'!B8:XX8, 3) -> 2 | F8: =COUNTIF('Voting Results'!B8:XX8, 4) -> 3 | G8: =COUNTIF('Voting Results'!B8:XX8, 5) -> 1
A9: ='Voting Results'!B9 -> Carl_saved | B9: =SUM('Voting Results'!B9:XX9) -> 78 | C9: =COUNTIF('Voting Results'!B9:XX9, 1) -> 1 | D9: =COUNTIF('Voting Results'!B9:XX9, 2) -> 4 | E9: =COUNTIF('Voting Results'!B9:XX9, 3) -> 6 | F9: =COUNTIF('Voting Results'!B9:XX9, 4) -> 9 | G9: =COUNTIF('Voting Results'!B9:XX9, 5) -> 3
A10: ='Voting Results'!B10 -> Photonic | B10: =SUM('Voting Results'!B10:XX10) -> 82 | C10: =COUNTIF('Voting Results'!B10:XX10, 1) -> 0 | D10: =COUNTIF('Voting Results'!B10:XX10, 2) -> 2 | E10: =COUNTIF('Voting Results'!B10:XX10, 3) -> 11 | F10: =COUNTIF('Voting Results'!B10:XX10, 4) -> 5 | G10: =COUNTIF('Voting Results'!B10:XX10, 5) -> 5
A11: ='Voting Results'!B11 -> QuadrupleA | B11: =SUM('Voting Results'!B11:XX11) -> 70 | C11: =COUNTIF('Voting Results'!B11:XX11, 1) -> 1 | D11: =COUNTIF('Voting Results'!B11:XX11, 2) -> 5 | E11: =COUNTIF('Voting Results'!B11:XX11, 3) -> 11 | F11: =COUNTIF('Voting Results'!B11:XX11, 4) -> 4 | G11: =COUNTIF('Voting Results'!B11:XX11, 5) -> 2
A12: ='Voting Results'!B12 -> nitrowheels | B12: =SUM('Voting Results'!B12:XX12) -> 59 | C12: =COUNTIF('Voting Results'!B12:XX12, 1) -> 1 | D12: =COUNTIF('Voting Results'!B12:XX12, 2) -> 11 | E12: =COUNTIF('Voting Results'!B12:XX12, 3) -> 8 | F12: =COUNTIF('Voting Results'!B12:XX12, 4) -> 3 | G12: =COUNTIF('Voting Results'!B12:XX12, 5) -> 0
A13: ='Voting Results'!B13 -> Blaakk (Previously-'Xaenima') | B13: =SUM('Voting Results'!B13:XX13) -> 77 | C13: =COUNTIF('Voting Results'!B13:XX13, 1) -> 1 | D13: =COUNTIF('Voting Results'!B13:XX13, 2) -> 3 | E13: =COUNTIF('Voting Results'!B13:XX13, 3) -> 10 | F13: =COUNTIF('Voting Results'!B13:XX13, 4) -> 5 | G13: =COUNTIF('Voting Results'!B13:XX13, 5) -> 4
... A30: ='Voting Results'!B30 -> Abovethoughts | B30: =SUM('Voting Results'!B30:XX30) -> 83 | C30: =COUNTIF('Voting Results'!B30:XX30, 1) -> 1 | D30: =COUNTIF('Voting Results'!B30:XX30, 2) -> 0 | E30: =COUNTIF('Voting Results'!B30:XX30, 3) -> 10 | F30: =COUNTIF('Voting Results'!B30:XX30, 4) -> 8 | G30: =COUNTIF('Voting Results'!B30:XX30, 5) -> 4
