Workbook

Sheet TOTAL SCORES
A1: ='Voting Results'!$X$1 -> Photonic - Dark Creatures | B1: =SUM('Voting Results'!X1:X33) -> 133
A2: ='Voting Results'!$AD$1 -> Ted209 - Diverted From Canada | B2: =SUM('Voting Results'!AD1:AD33) -> 118
A3: ='Voting Results'!$P$1 -> Jasinski - Chills | B3: =SUM('Voting Results'!I1:I33) -> 117
A4: ='Voting Results'!$I$1 -> Bjulin - Koma | B4: =SUM('Voting Results'!P1:P33) -> 117
A5: ='Voting Results'!$H$1 -> Bjporter - Selenium Chillout | B5: =SUM('Voting Results'!H1:H33) -> 116
A6: ='Voting Results'!$M$1 -> Evo2slo - Whisper Of Life | B6: =SUM('Voting Results'!M1:M33) -> 114
A7: ='Voting Results'!$E$1 -> Aiyn Zahev - Dream Sequence | B7: =SUM('Voting Results'!E1:E36) -> 109
A8: ='Voting Results'!$T$1 -> Nitrowheels - JUMPPP! | B8: =SUM('Voting Results'!T1:T33) -> 108
A9: ='Voting Results'!$AB$1 -> Skyzone - Abyss Of The Soul | B9: =SUM('Voting Results'!AB1:AB33) -> 106
A10: ='Voting Results'!$AE$1 -> Yeager - Hot Air Balloon | B10: =SUM('Voting Results'!AE1:AE33) -> 103
A11: ='Voting Results'!$W$1 -> Pedalsteeldrummer - The World Is You | B11: =SUM('Voting Results'!W1:W33) -> 102
A12: ='Voting Results'!$L$1 -> Dzah - Harmodul1 | B12: =SUM('Voting Results'!J1:J36) -> 100
A13: ='Voting Results'!$J$1 -> Carl Saved - Forever Child | B13: =SUM('Voting Results'!L1:L35) -> 100
A14: ='Voting Results'!$V$1 -> Organic Io - Vapor Trails | B14: =SUM('Voting Results'!U1:U33) -> 99
A15: ='Voting Results'!$U$1 -> Ontrackp - In and Out | B15: =SUM('Voting Results'!V1:V33) -> 99
A16: ='Voting Results'!$G$1 -> Bh9090 - Percolator | B16: =SUM('Voting Results'!G1:G43) -> 95
A17: ='Voting Results'!$Z$1 -> Saltline - ILL | B17: =SUM('Voting Results'!Z1:Z33) -> 93
A18: ='Voting Results'!$R$1 -> Marks-A-Whybikky - Whybikky's World | B18: =SUM('Voting Results'!R1:R34) -> 92
A19: ='Voting Results'!$AA$1 -> Simonhans73 - The Wibe | B19: =SUM('Voting Results'!K1:K42) -> 89
A20: ='Voting Results'!$K$1 -> ClaRago - Meiosis | B20: =SUM('Voting Results'!AA1:AA33) -> 89
A21: ='Voting Results'!$AC$1 -> Sovaroz_x0081_m - Hypercube IV | B21: =SUM('Voting Results'!AC1:AC33) -> 82
A22: ='Voting Results'!$F$1 -> Ballacr75 - Bibabo | B22: =SUM('Voting Results'!F1:F50) -> 76
A23: ='Voting Results'!$D$1 -> Abovethoughts - Xils Ready | B23: =SUM('Voting Results'!D1:D53) -> 75
A24: ='Voting Results'!$Q$1 -> LainaLain - Cry Of The Wolf | B24: =SUM('Voting Results'!O1:O43) -> 74
A25: ='Voting Results'!$S$1 -> Nikp2000 - Stand Tall Young Robot | B25: =SUM('Voting Results'!S1:S40) -> 72
A26: ='Voting Results'!$O$1 -> Idfpower - Kaleidoscope | B26: =SUM('Voting Results'!Q2:Q43) -> 70
A27: ='Voting Results'!$N$1 -> Floego - Easy Road | B27: =SUM('Voting Results'!N1:N47) -> 70
A28: ='Voting Results'!$C$1 -> 5ynthesizer - Surrounded In You | B28: =SUM('Voting Results'!C2:C59) -> 68
A29: ='Voting Results'!$Y$1 -> Rob West - Sticks | B29: =SUM('Voting Results'!Y1:Y38) -> 41

Sheet Voting Results
A1: Timestamp | B1: Voter Name | C1: 5ynthesizer - Surrounded In You | D1: Abovethoughts - Xils Ready | E1: Aiyn Zahev - Dream Sequence | F1: Ballacr75 - Bibabo | G1: Bh9090 - Percolator | H1: Bjporter - Selenium Chillout | I1: Bjulin - Koma | J1: Carl Saved - Forever Child | K1: ClaRago - Meiosis | L1: Dzah - Harmodul1 | M1: Evo2slo - Whisper Of Life | N1: Floego - Easy Road | O1: Idfpower - Kaleidoscope | P1: Jasinski - Chills | Q1: LainaLain - Cry Of The Wolf | R1: Marks-A-Whybikky - Whybikky's World | S1: Nikp2000 - Stand Tall Young Robot | T1: Nitrowheels - JUMPPP! | U1: Ontrackp - In and Out | V1: Organic Io - Vapor Trails | W1: Pedalsteeldrummer - The World Is You | X1: Photonic - Dark Creatures | Y1: Rob West - Sticks | Z1: Saltline - ILL | AA1: Simonhans73 - The Wibe | AB1: Skyzone - Abyss Of The Soul | AC1: Sovaroz_x0081_m - Hypercube IV | AD1: Ted209 - Diverted From Canada | AE1: Yeager - Hot Air Balloon
A2: 41488.035 | B2: TED209 | C2: 1 | D2: 2 | E2: 2 | F2: 3 | G2: 4 | H2: 4 | I2: 4 | J2: 1 | K2: 1 | L2: 3 | M2: 4 | N2: 2 | O2: 1 | P2: 5 | Q2: 2 | R2: 3 | S2: 1 | T2: 4 | U2: 3 | V2: 2 | W2: 4 | X2: 3 | Y2: 1 | Z2: 1 | AA2: 5 | AB2: 2 | AC2: 2 | AD2: 1 | AE2: 4
A3: 41488.365 | B3: Kondarivan | C3: 3 | D3: 2 | E3: 5 | F3: 3 | G3: 4 | H3: 3 | I3: 5 | J3: 4 | K3: 4 | L3: 5 | M3: 5 | N3: 3 | O3: 2 | P3: 2 | Q3: 3 | R3: 2 | S3: 3 | T3: 2 | U3: 3 | V3: 3 | W3: 3 | X3: 5 | Y3: 2 | Z3: 3 | AA3: 2 | AB3: 4 | AC3: 2 | AD3: 3 | AE3: 4
A4: 41488.633 | B4: ballacr75 | C4: 1 | D4: 1 | E4: 4 | F4: 1 | G4: 2 | H4: 3 | I4: 3 | J4: 1 | K4: 1 | L4: 1 | M4: 1 | N4: 1 | O4: 1 | P4: 1 | Q4: 1 | R4: 1 | S4: 1 | T4: 5 | U4: 2 | V4: 4 | W4: 5 | X4: 3 | Y4: 1 | Z4: 1 | AA4: 1 | AB4: 2 | AC4: 1 | AD4: 5 | AE4: 1
A5: 41488.748 | B5: organic io | C5: 3 | D5: 3 | E5: 5 | F5: 3 | G5: 4 | H5: 5 | I5: 4 | J5: 5 | K5: 3 | L5: 3 | M5: 4 | N5: 4 | O5: 3 | P5: 4 | Q5: 3 | R5: 3 | S5: 3 | T5: 5 | U5: 4 | V5: 1 | W5: 4 | X5: 5 | Y5: 1 | Z5: 4 | AA5: 4 | AB5: 4 | AC5: 4 | AD5: 4 | AE5: 4
A6: 41489.047 | B6: idfpower | C6: 3 | D6: 3 | E6: 4 | F6: 2 | G6: 3 | H6: 5 | I6: 4 | J6: 4 | K6: 3 | L6: 4 | M6: 4 | N6: 2 | O6: 1 | P6: 3 | Q6: 2 | R6: 3 | S6: 3 | T6: 4 | U6: 4 | V6: 4 | W6: 2 | X6: 5 | Y6: 1 | Z6: 3 | AA6: 2 | AB6: 2 | AC6: 3 | AD6: 3 | AE6: 5
A7: 41489.613 | B7: Photonic | C7: 2 | D7: 3 | E7: 5 | F7: 2 | G7: 3 | H7: 3 | I7: 5 | J7: 4 | K7: 4 | L7: 4 | M7: 4 | N7: 2 | O7: 3 | P7: 3 | Q7: 2 | R7: 4 | S7: 3 | T7: 4 | U7: 4 | V7: 3 | W7: 3 | X7: 1 | Y7: 2 | Z7: 3 | AA7: 3 | AB7: 5 | AC7: 3 | AD7: 5 | AE7: 5
A8: 41489.874 | B8: Aiyn Zahev | C8: 1 | D8: 3 | E8: 1 | F8: 1 | G8: 3 | H8: 2 | I8: 5 | J8: 3 | K8: 4 | L8: 4 | M8: 5 | N8: 2 | O8: 2 | P8: 4 | Q8: 2 | R8: 4 | S8: 2 | T8: 3 | U8: 3 | V8: 3 | W8: 3 | X8: 4 | Y8: 1 | Z8: 3 | AA8: 4 | AB8: 4 | AC8: 2 | AD8: 4 | AE8: 4
A9: 41489.983 | B9: ontrackp | C9: 3 | D9: 4 | E9: 3 | F9: 3 | G9: 4 | H9: 5 | I9: 4 | J9: 3 | K9: 4 | L9: 3 | M9: 4 | N9: 3 | O9: 3 | P9: 4 | Q9: 3 | R9: 3 | S9: 3 | T9: 4 | U9: 1 | V9: 3 | W9: 4 | X9: 5 | Y9: 1 | Z9: 3 | AA9: 3 | AB9: 4 | AC9: 3 | AD9: 5 | AE9: 4
A10: 41490.024 | B10: Irion Da Ronin | C10: 2 | D10: 2 | E10: 4 | F10: 3 | G10: 3 | H10: 4 | I10: 4 | J10: 5 | K10: 3 | L10: 2 | M10: 4 | N10: 2 | O10: 2 | P10: 5 | Q10: 2 | R10: 3 | S10: 2 | T10: 3 | U10: 3 | V10: 3 | W10: 3 | X10: 4 | Y10: 1 | Z10: 3 | AA10: 3 | AB10: 3 | AC10: 3 | AD10: 5 | AE10: 4
A11: 41490.463 | B11: ClaRago | C11: 2 | D11: 2 | E11: 4 | F11: 2 | G11: 4 | H11: 2 | I11: 5 | J11: 3 | K11: 1 | L11: 5 | M11: 3 | N11: 2 | O11: 2 | P11: 2 | Q11: 3 | R11: 5 | S11: 3 | T11: 4 | U11: 3 | V11: 3 | W11: 4 | X11: 3 | Y11: 1 | Z11: 3 | AA11: 3 | AB11: 4 | AC11: 3 | AD11: 3 | AE11: 3
A12: 41490.675 | B12: Stunkit | C12: 3 | D12: 1 | E12: 4 | F12: 3 | G12: 3 | H12: 4 | I12: 3 | J12: 3 | K12: 3 | L12: 3 | M12: 3 | N12: 3 | O12: 3 | P12: 3 | Q12: 3 | R12: 3 | S12: 3 | T12: 3 | U12: 3 | V12: 4 | W12: 3 | X12: 4 | Y12: 1 | Z12: 4 | AA12: 5 | AB12: 3 | AC12: 3 | AD12: 3 | AE12: 3
A13: 41491.765 | B13: 5ynthesizer | C13: 1 | D13: 1 | E13: 1 | F13: 1 | G13: 1 | H13: 2 | I13: 1 | J13: 2 | K13: 1 | L13: 1 | M13: 2 | N13: 2 | O13: 1 | P13: 1 | Q13: 1 | R13: 1 | S13: 2 | T13: 1 | U13: 1 | V13: 2 | W13: 3 | X13: 3 | Y13: 1 | Z13: 1 | AA13: 2 | AB13: 1 | AC13: 2 | AD13: 2 | AE13: 2
... A33: 41502.303 | B33: Bjulin | C33: 2 | D33: 2 | E33: 5 | F33: 3 | G33: 3 | H33: 5 | I33: 1 | J33: 3 | K33: 2 | L33: 4 | M33: 4 | N33: 2 | O33: 2 | P33: 4 | Q33: 3 | R33: 2 | S33: 2 | T33: 4 | U33: 3 | V33: 4 | W33: 3 | X33: 5 | Y33: 1 | Z33: 3 | AA33: 3 | AB33: 5 | AC33: 2 | AD33: 4 | AE33: 3
