Workbook

Sheet Voting Results
A1: Timestamp | B1: Voter name (KVR nick) | C1: alphuris - Wind-up | D1: bzur - pointillistic | E1: cjohs - March of the Estranged | F1: Distorque - Neon Street | G1: Doc Jon - Kaira's Nightmare | H1: DzAH - Drops of Soft Pick | I1: Gorgorgathgorgorgor - Krummavísur remix | J1: Gorgorgathgorgorgor - Maselvhallingen | K1: InterSlot Call - I hate this synth | L1: Irion Da Ronin - A Childs Hope | M1: JJBiener - The Heat | N1: Key88-BuzzyHuzzy | O1: Key88-So_You_Think_Hmm | P1: kraftraum - Rotation 2 | Q1: markheath - The Adventures of Captain Trillian | R1: photonic - Kaira is calling | S1: Qauoar - Oceans | T1: RuediRena - Kairibean Thoughts | U1: Yeager - So Do I | V1: zi90 - Cerebral Pares | W1: manvanmars - kaira_electra
A2: 40944.097 | B2: gorgorgathgor | D2: 5 | L2: 4 | T2: 1 | U2: 2 | W2: 3
A3: 40944.938 | B3: kraftraum | G3: 3 | L3: 5 | Q3: 4 | R3: 2 | W3: 1
A4: 40944.938 | B4: Distorque | D4: 2 | G4: 3 | Q4: 4 | R4: 1 | U4: 5
A5: 40945.026 | B5: Doc Jon | D5: 4 | J5: 3 | L5: 5 | P5: 1 | U5: 2
A6: 40946.665 | B6: manvanmars | G6: 3 | J6: 2 | L6: 4 | Q6: 1 | U6: 5
A7: 40946.666 | B7: InterSlotCall | C7: 4 | G7: 1 | Q7: 3 | U7: 2 | W7: 5
A8: 40946.984 | B8: Bjulin | D8: 3 | H8: 4 | L8: 5 | R8: 2 | W8: 1
A9: 40950.76 | B9: markheath | D9: 3 | G9: 1 | H9: 4 | L9: 2 | U9: 5
A10: 40950.76 | B10: photonic | D10: 3 | L10: 5 | P10: 1 | Q10: 2 | U10: 4
A11: 40951.062 | B11: DzAH | D11: 3 | F11: 5 | G11: 1 | L11: 4 | Q11: 2
A12: 40952.052 | B12: Stonail | D12: 4 | J12: 1 | L12: 5 | P12: 2 | Q12: 3
A13: 40952.053 | B13: RuediRena | G13: 5 | L13: 4 | N13: 1 | R13: 3 | U13: 2
A14: 40952.053 | B14: satYatunes | D14: 2 | H14: 4 | L14: 3 | R14: 5 | T14: 1
A15: 40952.995 | B15: IrionDaRonin | D15: 2 | H15: 4 | R15: 1 | U15: 3 | W15: 5
A16: 40954.138 | B16: evo2slo | D16: 5 | E16: 2 | G16: 3 | L16: 4 | Q16: 1
A17: 40954.138 | B17: mfa | G17: 5 | J17: 1 | L17: 2 | Q17: 3 | W17: 4
A18: 40954.139 | B18: bzur | G18: 4 | L18: 5 | P18: 3 | R18: 1 | U18: 2
A19: 40954.139 | B19: cjohs | G19: 2 | H19: 4 | L19: 5 | P19: 3 | W19: 1
A20: 40954.14 | B20: Yeager | D20: 3 | G20: 1 | L20: 4 | Q20: 2 | W20: 5
A21: 40954.988 | B21: alphuris | G21: 4 | J21: 5 | T21: 3 | U21: 1 | W21: 2
B22: key88 | E22: 4 | H22: 2 | S22: 1 | U22: 3 | V22: 5

Sheet TOTAL SCORES
A1: ='Voting Results'!$L$1 -> Irion Da Ronin - A Childs Hope | B1: =SUM('Voting Results'!L1:L111) -> 66
A2: ='Voting Results'!$D$1 -> bzur - pointillistic | B2: =SUM('Voting Results'!D1:D120) -> 39
A3: ='Voting Results'!$U$1 -> Yeager - So Do I | B3: =SUM('Voting Results'!G1:G118) -> 36
A4: ='Voting Results'!$G$1 -> Doc Jon - Kaira's Nightmare | B4: =SUM('Voting Results'!U1:U105) -> 36
A5: ='Voting Results'!$W$1 -> manvanmars - kaira_electra | B5: =SUM('Voting Results'!W1:W104) -> 27
A6: ='Voting Results'!$Q$1 -> markheath - The Adventures of Captain Trillian | B6: =SUM('Voting Results'!Q1:Q111) -> 25
A7: ='Voting Results'!$H$1 -> DzAH - Drops of Soft Pick | B7: =SUM('Voting Results'!H2:H121) -> 22
A8: ='Voting Results'!$R$1 -> photonic - Kaira is calling | B8: =SUM('Voting Results'!R1:R112) -> 15
A9: ='Voting Results'!$J$1 -> Gorgorgathgorgorgor - Maselvhallingen | B9: =SUM('Voting Results'!J2:J121) -> 12
A10: ='Voting Results'!$P$1 -> kraftraum - Rotation 2 | B10: =SUM('Voting Results'!P1:P116) -> 10
A11: ='Voting Results'!$E$1 -> cjohs - March of the Estranged | B11: =SUM('Voting Results'!E1:E128) -> 6
A12: ='Voting Results'!$F$1 -> Distorque - Neon Street | B12: =SUM('Voting Results'!F1:F128) -> 5
A13: ='Voting Results'!$V$1 -> zi90 - Cerebral Pares | B13: =SUM('Voting Results'!T1:T115) -> 5
A14: ='Voting Results'!$T$1 -> RuediRena - Kairibean Thoughts | B14: =SUM('Voting Results'!V1:V114) -> 5
A15: ='Voting Results'!$C$1 -> alphuris - Wind-up | B15: =SUM('Voting Results'!C1:C134) -> 4
A16: ='Voting Results'!$N$1 -> Key88-BuzzyHuzzy | B16: =SUM('Voting Results'!N1:N124) -> 1
A17: ='Voting Results'!$S$1 -> Qauoar - Oceans | B17: =SUM('Voting Results'!S1:S120) -> 1
A18: ='Voting Results'!$I$1 -> Gorgorgathgorgorgor - Krummavísur remix | B18: =SUM('Voting Results'!I1:I131) -> 0
A19: ='Voting Results'!$K$1 -> InterSlot Call - I hate this synth | B19: =SUM('Voting Results'!K1:K130) -> 0
A20: ='Voting Results'!$M$1 -> JJBiener - The Heat | B20: =SUM('Voting Results'!M1:M129) -> 0
A21: ='Voting Results'!$O$1 -> Key88-So_You_Think_Hmm | B21: =SUM('Voting Results'!O1:O128) -> 0
