Workbook

Sheet Voting Results
A1: Timestamp | B1: Voter name (KVR nick) | C1: AdagioCm - Moogxygene ( Part XLI ) | D1: Cactoos - a.s.p. | E1: capdan - A Minimal Farm | F1: CapDan - I'm A Farmer (Mini-Mix) | G1: dwringer - afterimages | H1: dwringer - analog rhythm | I1: dwringer - dark matter | J1: dwringer - time dilation | K1: dwringer - up tempo | L1: Irion Da Ronin - Beautiful Electronic Creature Raising | M1: jackoo - Thunder Mogue | N1: key88 - MinimogueVA | O1: Kraftraum - Rotation 6 | P1: mr president - 1 synth challenge Minimogue Mogue's Groove | Q1: Nikp2000 - the creeper | R1: Oopfoo - Approximation | S1: Photonic - darksideofthemoog | T1: Pulse Width Modulation - Pop-Collar Lover | U1: Risk - Moguebryonic | V1: RuediRena - Hot Stuff | W1: Skyzone - Dream like mogue | X1: Skyzone - mogue great FX | Y1: Skyzone - Moving mogue | Z1: Stonail - waiting for fadeout | AA1: Yeager - How To Catch A Fly | AB1: Yeager - To Oslo And Back | AC1: z.prime - Far From Earth | AD1: ___loser - one synth challenge
A2: 41091.985 | B2: SKYZONE | C2: 2 | F2: 1 | L2: 4 | M2: 3 | AC2: 5
A3: 41093.54 | B3: satYatunes | C3: 1 | D3: 4 | L3: 2 | S3: 3 | W3: 5
A4: 41093.542 | B4: kraftraum | M4: 4 | S4: 2 | T4: 3 | W4: 1 | Z4: 5
A5: 41093.543 | B5: nikp2000 | L5: 4 | O5: 3 | S5: 1 | Z5: 5 | AA5: 2
A6: 41093.544 | B6: risk | D6: 5 | K6: 1 | L6: 3 | S6: 4 | W6: 2
A7: 41097.744 | B7: photonic | L7: 5 | T7: 3 | W7: 1 | Z7: 4 | AC7: 2
A8: 41099.149 | B8: adagiocm | D8: 3 | L8: 4 | S8: 1 | Y8: 5 | AA8: 2
A9: 41099.531 | B9: cactoos | L9: 4 | S9: 3 | W9: 2 | AB9: 1 | AC9: 5
A10: 41101.517 | B10: Bzur | L10: 4 | S10: 5 | X10: 3 | AB10: 2 | AC10: 1
A11: 41102.554 | B11: pulse width modulation | D11: 1 | L11: 3 | S11: 5 | Z11: 2 | AB11: 4
A12: 41103.461 | B12: papatomany | D12: 3 | L12: 2 | S12: 5 | W12: 4 | AA12: 1
A13: 41104.611 | B13: jackoo | D13: 2 | L13: 1 | S13: 5 | W13: 4 | AC13: 3
A14: 41104.72 | B14: gorgorgath | J14: 1 | L14: 4 | Z14: 5 | AA14: 2 | AC14: 3
A15: 41105.041 | B15: z.prime | D15: 5 | L15: 2 | O15: 1 | Z15: 3 | AB15: 4
A16: 41105.109 | B16: IrionDaRonin | D16: 1 | T16: 4 | Z16: 2 | AB16: 5 | AC16: 3
A17: 41105.144 | B17: Stonail | J17: 5 | L17: 1 | Q17: 3 | AB17: 4 | AC17: 2
A18: 41105.739 | B18: Aiynzahev | D18: 1 | G18: 2 | J18: 3 | L18: 5 | Z18: 4
A19: 41105.74 | B19: loser | D19: 3 | G19: 2 | L19: 5 | N19: 1 | AC19: 4
A20: 41105.741 | B20: Yeager | L20: 4 | S20: 3 | T20: 1 | Z20: 5 | AC20: 2
A21: 41105.807 | B21: evo2slo | F21: 1 | L21: 5 | O21: 2 | S21: 4 | Z21: 3
A22: 41106.023 | B22: Torchlight | D22: 1 | H22: 3 | L22: 5 | O22: 2 | AC22: 4
A23: 41106.526 | B23: Oopfoo | L23: 5 | O23: 3 | T23: 1 | AB23: 4 | AC23: 2
A24: 41106.527 | B24: dwringer | D24: 1 | L24: 2 | Z24: 4 | AB24: 3 | AC24: 5
A25: 41106.527 | B25: RuediRena | L25: 2 | S25: 3 | X25: 1 | Z25: 5 | AB25: 4

Sheet TOTAL SCORES
A1: ='Voting Results'!$L$1 -> Irion Da Ronin - Beautiful Electronic Creature Raising | B1: =SUM('Voting Results'!L1:L114) -> 76
A2: ='Voting Results'!$Z$1 -> Stonail - waiting for fadeout | B2: =SUM('Voting Results'!Z1:Z101) -> 47
A3: ='Voting Results'!$S$1 -> Photonic - darksideofthemoog | B3: =SUM('Voting Results'!S1:S109) -> 44
A4: ='Voting Results'!$AC$1 -> z.prime - Far From Earth | B4: =SUM('Voting Results'!AC1:AC100) -> 41
A5: ='Voting Results'!$AB$1 -> Yeager - To Oslo And Back | B5: =SUM('Voting Results'!AB1:AB102) -> 31
A6: ='Voting Results'!$D$1 -> Cactoos - a.s.p. | B6: =SUM('Voting Results'!D1:D127) -> 30
A7: ='Voting Results'!$W$1 -> Skyzone - Dream like mogue | B7: =SUM('Voting Results'!W1:W109) -> 19
A8: ='Voting Results'!$T$1 -> Pulse Width Modulation - Pop-Collar Lover | B8: =SUM('Voting Results'!T1:T113) -> 12
A9: ='Voting Results'!$O$1 -> Kraftraum - Rotation 6 | B9: =SUM('Voting Results'!O1:O119) -> 11
A10: ='Voting Results'!$J$1 -> dwringer - time dilation | B10: =SUM('Voting Results'!J1:J125) -> 9
A11: ='Voting Results'!$M$1 -> jackoo - Thunder Mogue | B11: =SUM('Voting Results'!M1:M123) -> 7
A12: ='Voting Results'!$AA$1 -> Yeager - How To Catch A Fly | B12: =SUM('Voting Results'!AA1:AA110) -> 7
A13: ='Voting Results'!$Y$1 -> Skyzone - Moving mogue | B13: =SUM('Voting Results'!Y1:Y113) -> 5
A14: ='Voting Results'!$X$1 -> Skyzone - mogue great FX | B14: =SUM('Voting Results'!G1:G132) -> 4
A15: ='Voting Results'!$G$1 -> dwringer - afterimages | B15: =SUM('Voting Results'!X1:X116) -> 4
A16: ='Voting Results'!$H$1 -> dwringer - analog rhythm | B16: =SUM('Voting Results'!C1:C138) -> 3
A17: ='Voting Results'!$Q$1 -> Nikp2000 - the creeper | B17: =SUM('Voting Results'!H1:H134) -> 3
A18: ='Voting Results'!$C$1 -> AdagioCm - Moogxygene ( Part XLI ) | B18: =SUM('Voting Results'!Q1:Q126) -> 3
A19: ='Voting Results'!$F$1 -> CapDan - I'm A Farmer (Mini-Mix) | B19: =SUM('Voting Results'!F1:F138) -> 2
A20: ='Voting Results'!$K$1 -> dwringer - up tempo | B20: =SUM('Voting Results'!K1:K134) -> 1
A21: ='Voting Results'!$N$1 -> key88 - MinimogueVA | B21: =SUM('Voting Results'!N1:N132) -> 1
A22: ='Voting Results'!$E$1 -> capdan - A Minimal Farm | B22: =SUM('Voting Results'!E1:E142) -> 0
A23: ='Voting Results'!$I$1 -> dwringer - dark matter | B23: =SUM('Voting Results'!I1:I139) -> 0
A24: ='Voting Results'!$P$1 -> mr president - 1 synth challenge Minimogue Mogue's Groove | B24: =SUM('Voting Results'!P1:P133) -> 0
A25: ='Voting Results'!$R$1 -> Oopfoo - Approximation | B25: =SUM('Voting Results'!R1:R132) -> 0
A26: ='Voting Results'!$U$1 -> Risk - Moguebryonic | B26: =SUM('Voting Results'!U1:U130) -> 0
A27: ='Voting Results'!$V$1 -> RuediRena - Hot Stuff | B27: =SUM('Voting Results'!V1:V130) -> 0
A28: ='Voting Results'!$AD$1 -> ___loser - one synth challenge | B28: =SUM('Voting Results'!AD1:AD123) -> 0
