Workbook

Sheet Voting Results
A1: Timestamp | B1: Voter name (KVR nick) | C1: Acronym - Dryrell | D1: Acronym - Radium | E1: Branis - The Tannhauser Gate | F1: bstageboss - Night Race to Arecibo | G1: bzur - Rachael | H1: bzur - Richard D | I1: CapDan - Dis-Cussion | J1: Doc Jon - Freak Me Out | K1: elipsis1 - myoplex | L1: elipsis1 - phatso | M1: evo2slo - biomechanical god | N1: evo2slo - you are the blade | O1: Gorgorgathgorgorgor - Night of the Nanozombiez | P1: Hemmick Reef - Tyrellisaurus Rex | Q1: IrionDaRonin - From Daydreaming to Reality | R1: IrionDaRonin - The Saddest Goodbye | S1: JoeCat - Another Industrial | T1: marks-a-whybikky - Short Tyrell | U1: Mike777 - Return to Home Planet | V1: mleghorn - Isle of the Dead | W1: Mulperi - Tyrell | X1: PocVecem - Vulcan Jazz | Y1: Prefect_X - String Theory | Z1: RuediRena - Pommesexport | AA1: Steplton - 9_00pm | AB1: Stonail - Cycling on Tyrell's surface | AC1: TB4C - TYRELLA THE BELLY DANCER | AD1: TommyBear - So Tyrelled | AE1: TommyBear - Where are you | AF1: Yeager - What the Fugue | AG1: mnmlG-Distractions | AH1: MnmlG - Distractions
B2: pocvecem | E2: 4 | J2: 1 | P2: 3 | Q2: 5 | AB2: 2
A3: 40696.875 | B3: evo2slo | E3: 2 | J3: 5 | Q3: 1 | S3: 4 | AE3: 3
A4: 40696.885 | B4: Resonator63 | E4: 4 | J4: 5 | K4: 1 | N4: 2 | Y4: 3
A5: 40697.921 | B5: olikana | J5: 2 | S5: 5 | W5: 4 | X5: 3 | AH5: 1
A6: 40699.056 | B6: TommyBear | Q6: 2 | U6: 1 | X6: 4 | AA6: 5 | AB6: 3
A7: 40710.09 | B7: V'ger | Q7: 5 | S7: 4 | AA7: 2 | AB7: 1 | AF7: 3
A8: 40695.925 | B8: bbaggins | E8: 2 | J8: 3 | M8: 4 | Q8: 1 | S8: 5
A9: 40695.922 | B9: Prefect-X | Q9: 2 | S9: 3 | X9: 5 | AB9: 4 | AF9: 1
B10: satYatunes | F10: 1 | J10: 5 | W10: 2 | X10: 4 | AB10: 3
B11: Doc Jon | E11: 3 | N11: 2 | X11: 1 | AA11: 5 | AB11: 4
B12: Ruedirena | E12: 1 | G12: 5 | V12: 3 | AA12: 4 | AB12: 2
B13: Mike777 | F13: 1 | G13: 5 | H13: 3 | Q13: 4 | X13: 2
B14: IrionDaRonin | G14: 4 | L14: 1 | P14: 2 | U14: 3 | X14: 5
B15: Branis | G15: 2 | J15: 4 | N15: 3 | X15: 5 | AE15: 1
B16: Stelpton | F16: 1 | G16: 4 | J16: 5 | Q16: 3 | AB16: 2
B17: Hemmick Reef | E17: 1 | R17: 2 | X17: 3 | Z17: 4 | AD17: 5
B18: 3ee | D18: 3 | G18: 1 | J18: 2 | Q18: 5 | AA18: 4
B19: gorgorgathgor | D19: 5 | L19: 1 | Q19: 2 | X19: 3 | AB19: 4
B20: Joecat | J20: 1 | U20: 2 | V20: 3 | X20: 4 | AA20: 5
B21: sly fly | E21: 2 | M21: 5 | N21: 4 | R21: 3 | W21: 1
B22: muLperi | J22: 2 | M22: 1 | Q22: 5 | X22: 3 | AB22: 4
B23: Acronym | I23: 1 | J23: 5 | O23: 3 | S23: 4 | AA23: 2
B24: markheath | F24: 1 | G24: 3 | X24: 5 | AA24: 4 | AF24: 2
B25: Stonail | E25: 3 | J25: 4 | Q25: 2 | X25: 5 | AA25: 1
B26: Yeager | E26: 4 | Q26: 1 | S26: 5 | X26: 2 | AA26: 3
B27: bstageboss | J27: 4 | Q27: 1 | V27: 3 | X27: 2 | AA27: 5
B28: TB4C | C28: 1 | F28: 4 | J28: 3 | W28: 5 | X28: 2
B29: elipsis1 | D29: 1 | G29: 2 | J29: 4 | Q29: 5 | AA29: 3
B30: mlegHorn | E30: 2 | N30: 5 | T30: 3 | Z30: 1 | AF30: 4
B31: jackoo | F31: 1 | J31: 5 | P31: 4 | R31: 3 | W31: 2
B32: bzur | J32: 4 | Q32: 2 | X32: 3 | AA32: 5 | AF32: 1

Sheet TOTAL SCORES
A1: ='Voting Results'!$J$1 -> Doc Jon - Freak Me Out | B1: =SUM('Voting Results'!J1:J124) -> 64
A2: ='Voting Results'!$X$1 -> PocVecem - Vulcan Jazz | B2: =SUM('Voting Results'!X1:X111) -> 61
A3: ='Voting Results'!$AA$1 -> Steplton - 9_00pm | B3: =SUM('Voting Results'!AA1:AA109) -> 48
A4: ='Voting Results'!$Q$1 -> IrionDaRonin - From Daydreaming to Reality | B4: =SUM('Voting Results'!Q1:Q120) -> 46
A5: ='Voting Results'!$S$1 -> JoeCat - Another Industrial | B5: =SUM('Voting Results'!S1:S119) -> 30
A6: ='Voting Results'!$AB$1 -> Stonail - Cycling on Tyrell's surface | B6: =SUM('Voting Results'!AB1:AB111) -> 29
A7: ='Voting Results'!$E$1 -> Branis - The Tannhauser Gate | B7: =SUM('Voting Results'!E1:E135) -> 28
A8: ='Voting Results'!$G$1 -> bzur - Rachael | B8: =SUM('Voting Results'!G1:G134) -> 26
A9: ='Voting Results'!$N$1 -> evo2slo - you are the blade | B9: =SUM('Voting Results'!N1:N128) -> 16
A10: ='Voting Results'!$W$1 -> Mulperi - Tyrell | B10: =SUM('Voting Results'!W1:W120) -> 14
A11: ='Voting Results'!$AF$1 -> Yeager - What the Fugue | B11: =SUM('Voting Results'!AF1:AF112) -> 11
A12: ='Voting Results'!$M$1 -> evo2slo - biomechanical god | B12: =SUM('Voting Results'!M2:M132) -> 10
A13: ='Voting Results'!$F$1 -> bstageboss - Night Race to Arecibo | B13: =SUM('Voting Results'!D1:D142) -> 9
A14: ='Voting Results'!$D$1 -> Acronym - Radium | B14: =SUM('Voting Results'!F1:F141) -> 9
A15: ='Voting Results'!$P$1 -> Hemmick Reef - Tyrellisaurus Rex | B15: =SUM('Voting Results'!P2:P132) -> 9
A16: ='Voting Results'!$V$1 -> mleghorn - Isle of the Dead | B16: =SUM('Voting Results'!V1:V127) -> 9
A17: ='Voting Results'!$R$1 -> IrionDaRonin - The Saddest Goodbye | B17: =SUM('Voting Results'!R2:R132) -> 8
A18: ='Voting Results'!$U$1 -> Mike777 - Return to Home Planet | B18: =SUM('Voting Results'!U1:U130) -> 6
A19: ='Voting Results'!$AD$1 -> TommyBear - So Tyrelled | B19: =SUM('Voting Results'!Z1:Z126) -> 5
A20: ='Voting Results'!$Z$1 -> RuediRena - Pommesexport | B20: =SUM('Voting Results'!AD1:AD123) -> 5
A21: ='Voting Results'!$AE$1 -> TommyBear - Where are you | B21: =SUM('Voting Results'!AE1:AE123) -> 4
A22: ='Voting Results'!$H$1 -> bzur - Richard D | B22: =SUM('Voting Results'!H1:H147) -> 3
A23: ='Voting Results'!$O$1 -> Gorgorgathgorgorgor - Night of the Nanozombiez | B23: =SUM('Voting Results'!O1:O141) -> 3
A24: ='Voting Results'!$T$1 -> marks-a-whybikky - Short Tyrell | B24: =SUM('Voting Results'!T1:T137) -> 3
A25: ='Voting Results'!$Y$1 -> Prefect_X - String Theory | B25: =SUM('Voting Results'!Y1:Y133) -> 3
A26: ='Voting Results'!$L$1 -> elipsis1 - phatso | B26: =SUM('Voting Results'!L1:L147) -> 2
A27: ='Voting Results'!$C$1 -> Acronym - Dryrell | B27: =SUM('Voting Results'!C1:C157) -> 1
A28: ='Voting Results'!$I$1 -> CapDan - Dis-Cussion | B28: =SUM('Voting Results'!I1:I152) -> 1
A29: ='Voting Results'!$K$1 -> elipsis1 - myoplex | B29: =SUM('Voting Results'!K1:K151) -> 1
A30: ='Voting Results'!$AG$1 -> mnmlG-Distractions | B30: =SUM('Voting Results'!AH1:AH130) -> 1
A31: ='Voting Results'!$AC$1 -> TB4C - TYRELLA THE BELLY DANCER | B31: =SUM('Voting Results'!AC1:AC135) -> 0
