Workbook

Sheet Voting Results
A1: Timestamp | B1: Voter name (KVR nick) | C1: Adagiocm - Retrock Jam | D1: Skyzone - Who Am I | E1: Alvfaria - Lullaby To The Sea | F1: Alvfaria - Samba De Roda | G1: Angelremington - Easy Jam | H1: Beatsmanshion - Love In Streets | I1: Bill Blum, Jr - My Oh My | J1: Bzur - Rebirth | K1: Cactoos - Surrender | L1: Doc Jon - The Travellers Return | M1: E@rs - Roar | N1: Evo2slo - I Know Cinnamon | O1: Gylstorff - A Chance To Dance | P1: Gylstorff - Less Is More | Q1: Jasinski - Logos | R1: Key88 - Ninebumps | S1: Loris D Solic - When Planets Collide | T1: Marks-A-Whybikky - Can't Sleep | U1: Marks-A-Whybikky - No-Snare-Song | V1: Nikp2000 - Journey Of The Logue-Pod | W1: Pedalsteeldrummer - Rétrologie | X1: Photonic - Fretless Bliss | Y1: Sevaztian - Week 36 Of 2012 | Z1: Sevaztian - Week 37 Of 2012 | AA1: Sevaztian - Week 38 Of 2012 | AB1: Sevaztian - Week 39 Of 2012 | AC1: Skyzone - Casa Nostra | AD1: Skyzone - Mousy | AE1: Waltercruz - The Inner Road
A2: 41186.943 | B2: RuediRena | N2: 5 | Q2: 3 | R2: 1 | W2: 4 | X2: 2
A3: 41188.03 | B3: photonic | L3: 5 | N3: 2 | Q3: 4 | W3: 3 | AE3: 1
A4: 41189.846 | B4: pedalsteeldrummer | L4: 3 | M4: 5 | Q4: 2 | V4: 1 | AD4: 4
A5: 41189.986 | B5: loris16148 | J5: 2 | N5: 5 | O5: 4 | Q5: 1 | X5: 3
A6: 41190.232 | B6: nikp2000 | C6: 2 | N6: 5 | S6: 3 | W6: 4 | X6: 1
A7: 41190.949 | B7: SKYZONE | C7: 3 | G7: 2 | M7: 5 | W7: 4 | AE7: 1
A8: 41192.062 | B8: alvfaria | C8: 2 | J8: 5 | V8: 4 | X8: 3 | AE8: 1
A9: 41193.123 | B9: jasinski | E9: 1 | J9: 2 | N9: 3 | W9: 4 | X9: 5
A10: 41193.597 | B10: angelremington | E10: 4 | L10: 3 | O10: 2 | X10: 1 | AC10: 5
A11: 41194.468 | B11: gylstorff | J11: 2 | L11: 1 | N11: 3 | Q11: 5 | AC11: 4
A12: 41195.836 | B12: e@rs | C12: 2 | K12: 3 | N12: 1 | Q12: 4 | AE12: 5
A13: 41195.837 | B13: Doc Jon | J13: 2 | N13: 5 | Q13: 4 | S13: 1 | X13: 3
A14: 41196.799 | B14: IrionDaRonin | J14: 1 | K14: 2 | L14: 4 | Q14: 3 | X14: 5
A15: 41196.867 | B15: beatsmanshion | N15: 5 | Q15: 4 | S15: 2 | X15: 3 | AC15: 1
A16: 41196.867 | B16: waltercruz | E16: 3 | J16: 4 | K16: 5 | W16: 1 | X16: 2
A17: 41196.868 | B17: evo2slo | L17: 5 | Q17: 4 | S17: 2 | V17: 3 | X17: 1
A18: 41196.868 | B18: z.prime | J18: 2 | K18: 1 | L18: 4 | Q18: 3 | AC18: 5
A19: 41197.949 | B19: adagiocm | D19: 2 | J19: 3 | L19: 4 | Q19: 5 | AE19: 1
A20: 41197.95 | B20: bzur | C20: 1 | L20: 2 | N20: 5 | Q20: 4 | X20: 3
A21: 41198.589 | B21: cactoos_dahoo | C21: 2 | J21: 3 | L21: 4 | N21: 1 | Q21: 5
A22: 41198.589 | B22: key88 | C22: 1 | M22: 4 | Q22: 2 | S22: 3 | V22: 5

Sheet TOTAL SCORES
A1: ='Voting Results'!$Q$1 -> Jasinski - Logos | B1: =SUM('Voting Results'!Q1:Q106) -> 53
A2: ='Voting Results'!$N$1 -> Evo2slo - I Know Cinnamon | B2: =SUM('Voting Results'!N1:N110) -> 40
A3: ='Voting Results'!$L$1 -> Doc Jon - The Travellers Return | B3: =SUM('Voting Results'!L1:L113) -> 35
A4: ='Voting Results'!$X$1 -> Photonic - Fretless Bliss | B4: =SUM('Voting Results'!X1:X102) -> 32
A5: ='Voting Results'!$J$1 -> Bzur - Rebirth | B5: =SUM('Voting Results'!J1:J117) -> 26
A6: ='Voting Results'!$W$1 -> Pedalsteeldrummer - Rétrologie | B6: =SUM('Voting Results'!W1:W105) -> 20
A7: ='Voting Results'!$AC$1 -> Skyzone - Casa Nostra | B7: =SUM('Voting Results'!AC1:AC100) -> 15
A8: ='Voting Results'!$M$1 -> E@rs - Roar | B8: =SUM('Voting Results'!M1:M117) -> 14
A9: ='Voting Results'!$V$1 -> Nikp2000 - Journey Of The Logue-Pod | B9: =SUM('Voting Results'!C1:C128) -> 13
A10: ='Voting Results'!$C$1 -> Adagiocm - Retrock Jam | B10: =SUM('Voting Results'!V1:V110) -> 13
A11: ='Voting Results'!$K$1 -> Cactoos - Surrender | B11: =SUM('Voting Results'!K1:K122) -> 11
A12: ='Voting Results'!$S$1 -> Loris D Solic - When Planets Collide | B12: =SUM('Voting Results'!S1:S115) -> 11
A13: ='Voting Results'!$AE$1 -> Waltercruz - The Inner Road | B13: =SUM('Voting Results'!AE1:AE104) -> 9
A14: ='Voting Results'!$E$1 -> Alvfaria - Lullaby To The Sea | B14: =SUM('Voting Results'!E1:E131) -> 8
A15: ='Voting Results'!$O$1 -> Gylstorff - A Chance To Dance | B15: =SUM('Voting Results'!O1:O122) -> 6
A16: ='Voting Results'!$AD$1 -> Skyzone - Mousy | B16: =SUM('Voting Results'!AD1:AD108) -> 4
A17: ='Voting Results'!$D$1 -> Skyzone - Who Am I | B17: =SUM('Voting Results'!D1:D135) -> 2
A18: ='Voting Results'!$G$1 -> Angelremington - Easy Jam | B18: =SUM('Voting Results'!G1:G133) -> 2
A19: ='Voting Results'!$R$1 -> Key88 - Ninebumps | B19: =SUM('Voting Results'!R1:R123) -> 1
A20: ='Voting Results'!$F$1 -> Alvfaria - Samba De Roda | B20: =SUM('Voting Results'!F1:F136) -> 0
A21: ='Voting Results'!$H$1 -> Beatsmanshion - Love In Streets | B21: =SUM('Voting Results'!H1:H135) -> 0
A22: ='Voting Results'!$I$1 -> Bill Blum, Jr - My Oh My | B22: =SUM('Voting Results'!I1:I135) -> 0
A23: ='Voting Results'!$P$1 -> Gylstorff - Less Is More | B23: =SUM('Voting Results'!P1:P129) -> 0
A24: ='Voting Results'!$T$1 -> Marks-A-Whybikky - Can't Sleep | B24: =SUM('Voting Results'!T1:T126) -> 0
A25: ='Voting Results'!$U$1 -> Marks-A-Whybikky - No-Snare-Song | B25: =SUM('Voting Results'!U1:U126) -> 0
A26: ='Voting Results'!$Y$1 -> Sevaztian - Week 36 Of 2012 | B26: =SUM('Voting Results'!Y1:Y123) -> 0
A27: ='Voting Results'!$Z$1 -> Sevaztian - Week 37 Of 2012 | B27: =SUM('Voting Results'!Z1:Z123) -> 0
A28: ='Voting Results'!$AA$1 -> Sevaztian - Week 38 Of 2012 | B28: =SUM('Voting Results'!AA1:AA123) -> 0
A29: ='Voting Results'!$AB$1 -> Sevaztian - Week 39 Of 2012 | B29: =SUM('Voting Results'!AB1:AB123) -> 0
