Workbook

Sheet Voting Results
A1: Timestamp | B1: Voter name (KVR nick) | C1: AdagioCm - Augur's Dream | D1: AdagioCm - Augur's Inauguration Auspices | E1: AdagioCm - Vectorial Elation | F1: Bumtu - Damaged Radio Workshop | G1: bzur - I have no clue | H1: cactoos - edification | I1: Doc Jon - The Long Journey Home | J1: dwringer - auspicia oblativa | K1: dwringer - ex diris | L1: dwringer - octet | M1: evo2slo - Animated Dust | N1: Irion Da Ronin - Crystalline Waters | O1: jackoo - Banjo Schizophrenia | P1: key88-SweepMe4 | Q1: Nikp2000 - clasp | R1: Photonic - Levitation | S1: Pulse Width Modulation - Breaking the Bounds of Earth | T1: Quaoar - Augur Haze | U1: R0z - Augur'L 'U Got Me Groovin' | V1: R0z - The Augural Automatons | W1: Skyzone - Augur goes slower.. | X1: Skyzone - Augur in the house | Y1: Skyzone - Augur luvs trance | Z1: SuperNoise - Nostalgia final version | AA1: Yeager - No Room For Space | AB1: zi90 - seafoo
A2: 41063.016 | B2: SKYZONE | E2: 4 | G2: 2 | I2: 3 | S2: 5 | Z2: 1
A3: 41063.776 | B3: bumtu | H3: 4 | M3: 2 | N3: 1 | S3: 3 | W3: 5
A4: 41065.022 | B4: jackoo | E4: 5 | I4: 3 | R4: 1 | W4: 4 | Z4: 2
A5: 41067.508 | B5: Pulse Width Modulation | E5: 5 | I5: 2 | N5: 4 | R5: 1 | AB5: 3
A6: 41068.805 | B6: photonic | G6: 1 | I6: 2 | N6: 4 | S6: 5 | Z6: 3
A7: 41070.768 | B7: nikp2000 | G7: 3 | H7: 2 | I7: 4 | S7: 5 | T7: 1
A8: 41072.606 | B8: adagiocm | N8: 5 | R8: 4 | S8: 2 | W8: 1 | AA8: 3
A9: 41073.983 | B9: Doc Jon | E9: 3 | N9: 1 | R9: 5 | S9: 4 | U9: 2
A10: 41075.885 | B10: SuperNoise | F10: 5 | G10: 3 | N10: 1 | R10: 4 | S10: 2
A11: 41075.889 | B11: rozkun | D11: 3 | I11: 4 | M11: 5 | N11: 1 | S11: 2
A12: 41075.889 | B12: Yeager | D12: 2 | H12: 1 | I12: 3 | N12: 4 | S12: 5
A13: 41075.892 | B13: IrionDaRonin | G13: 1 | H13: 4 | R13: 1 | S13: 5 | Z13: 3 | AA13: 2
A14: 41076.059 | B14: dwringer | D14: 4 | F14: 1 | H14: 5 | S14: 3 | AA14: 2
A15: 41076.18 | B15: evo2slo | N15: 4 | O15: 1 | R15: 2 | S15: 5 | U15: 3
A16: 41076.554 | B16: cactoos_dahoo | F16: 1 | N16: 5 | R16: 4 | S16: 3 | AA16: 2
A17: 41076.555 | B17: RuediRena | H17: 1 | I17: 3 | N17: 2 | R17: 5 | S17: 4

Sheet TOTAL SCORES
A1: ='Voting Results'!$S$1 -> Pulse Width Modulation - Breaking the Bounds of Earth | B1: =SUM('Voting Results'!S1:S99) -> 53
A2: ='Voting Results'!$N$1 -> Irion Da Ronin - Crystalline Waters | B2: =SUM('Voting Results'!N1:N105) -> 32
A3: ='Voting Results'!$R$1 -> Photonic - Levitation | B3: =SUM('Voting Results'!R1:R102) -> 27
A4: ='Voting Results'!$I$1 -> Doc Jon - The Long Journey Home | B4: =SUM('Voting Results'!I1:I112) -> 24
A5: ='Voting Results'!$E$1 -> AdagioCm - Vectorial Elation | B5: =SUM('Voting Results'!E1:E117) -> 17
A6: ='Voting Results'!$H$1 -> cactoos - edification | B6: =SUM('Voting Results'!H1:H115) -> 17
A7: ='Voting Results'!$W$1 -> Skyzone - Augur goes slower.. | B7: =SUM('Voting Results'!G1:G117) -> 10
A8: ='Voting Results'!$G$1 -> bzur - I have no clue | B8: =SUM('Voting Results'!W1:W102) -> 10
A9: ='Voting Results'!$D$1 -> AdagioCm - Augur's Inauguration Auspices | B9: =SUM('Voting Results'!D1:D122) -> 9
A10: ='Voting Results'!$Z$1 -> SuperNoise - Nostalgia final version | B10: =SUM('Voting Results'!Z1:Z101) -> 9
A11: ='Voting Results'!$AA$1 -> Yeager - No Room For Space | B11: =SUM('Voting Results'!AA1:AA101) -> 9
A12: ='Voting Results'!$M$1 -> evo2slo - Animated Dust | B12: =SUM('Voting Results'!F1:F123) -> 7
A13: ='Voting Results'!$F$1 -> Bumtu - Damaged Radio Workshop | B13: =SUM('Voting Results'!M1:M117) -> 7
A14: ='Voting Results'!$U$1 -> R0z - Augur'L 'U Got Me Groovin' | B14: =SUM('Voting Results'!U1:U110) -> 5
A15: ='Voting Results'!$AB$1 -> zi90 - seafoo | B15: =SUM('Voting Results'!AB1:AB104) -> 3
A16: ='Voting Results'!$O$1 -> jackoo - Banjo Schizophrenia | B16: =SUM('Voting Results'!O1:O118) -> 1
A17: ='Voting Results'!$T$1 -> Quaoar - Augur Haze | B17: =SUM('Voting Results'!T1:T114) -> 1
A18: ='Voting Results'!$C$1 -> AdagioCm - Augur's Dream | B18: =SUM('Voting Results'!C1:C132) -> 0
A19: ='Voting Results'!$J$1 -> dwringer - auspicia oblativa | B19: =SUM('Voting Results'!J1:J126) -> 0
A20: ='Voting Results'!$K$1 -> dwringer - ex diris | B20: =SUM('Voting Results'!K1:K126) -> 0
A21: ='Voting Results'!$L$1 -> dwringer - octet | B21: =SUM('Voting Results'!L1:L126) -> 0
A22: ='Voting Results'!$P$1 -> key88-SweepMe4 | B22: =SUM('Voting Results'!P1:P123) -> 0
A23: ='Voting Results'!$Q$1 -> Nikp2000 - clasp | B23: =SUM('Voting Results'!Q1:Q123) -> 0
A24: ='Voting Results'!$V$1 -> R0z - The Augural Automatons | B24: =SUM('Voting Results'!V1:V119) -> 0
A25: ='Voting Results'!$X$1 -> Skyzone - Augur in the house | B25: =SUM('Voting Results'!X1:X118) -> 0
A26: ='Voting Results'!$Y$1 -> Skyzone - Augur luvs trance | B26: =SUM('Voting Results'!Y1:Y118) -> 0
