Workbook

Sheet TOTAL SCORES
A1: 1st | B1: Z.prime - We Can Overcome | C1: 134
A2: 2nd | B2: Pulse Width Modulation - The Spanish Captain | C2: 129
A3: 3rd Tie | B3: Photonic - Calm Down | C3: 122
A4: 3rd Tie | B4: H-man and Animehaus - Os Terr queos (TheEarthlings) | C4: 122
A5: 4th | B5: Kraftraum - Rotation 20 (Rosetta, ready to go) | C5: 122
A6: 5th | B6: Yeager - Close...But No Sitar | C6: 118
A7: 6th Tie | B7: Full Bucket - PolyBlitz | C7: 116
A8: 6th Tie | B8: Orboscope - Skypiercer | C8: 116
A9: 7th | B9: Pedalsteeldrummer - Superbad | C9: 116
A10: 8th | B10: Skyzone - Electro Flames | C10: 114
A11: 9th | B11: Loft Electronics - Hot In The Loft | C11: 110
A12: 10th | B12: Spidergod - Dark Space | C12: 102
... A26: dq | B26: Quaoar - Secret Weapon | C26: 72

Sheet Blah
A3: Z.prime - We Can Overcome | B3: 134
A4: Pulse Width Modulation - The Spanish Captain | B4: 129
A5: H-man and Animehaus - Os Terr queos (TheEarthlings) | B5: 122
A6: Kraftraum - Rotation 20 (Rosetta, ready to go) | B6: 122
A7: Photonic - Calm Down | B7: 122
A8: Yeager - Close...But No Sitar | B8: 118
A9: Full Bucket - PolyBlitz | B9: 116
A10: Orboscope - Skypiercer | B10: 116
A11: Pedalsteeldrummer - Superbad | B11: 116
A12: Skyzone - Electro Flames | B12: 114
A13: Loft Electronics - Hot In The Loft | B13: 110
A14: Spidergod - Dark Space | B14: 102
... A28: New Kids On The Block - Sarmile | B28: 51

Sheet Voting Results
A1: Timestamp | B1: Voter Name (KVR nick) | D1: Ballacr75 - The Game Is Going To Start | E1: BlitBit - Dr. Poly & Mr. Iblit | F1: CytoSonic - Fly, Fly | G1: DoctorBob - MoreCheezePleeze | H1: DzAH - New Old | I1: Flipm1967 - Underwater Dance | J1: Full Bucket - PolyBlitz | K1: H-man and Animehaus - Os Terr queos (TheEarthlings) | L1: JKF Flashico - Relife | M1: Kraftraum - Rotation 20 (Rosetta, ready to go) | N1: Loft Electronics - Hot In The Loft | O1: Loris DS - Usurper | P1: New Kids On The Block - Sarmile | Q1: Orboscope - Skypiercer | R1: Pedalsteeldrummer - Superbad | S1: Photonic - Calm Down | T1: Pulse Width Modulation - The Spanish Captain | U1: Quaoar - Secret Weapon | V1: Ricler - Echoes Of A Supernova | W1: Shortmanb - Still Going | X1: Skyzone - Electro Flames | Y1: Spidergod - Dark Space | Z1: terebellum - Rose Mosaic Virus | AA1: TinCanTelephone - It's Raining Again | AB1: Yeager - Close...But No Sitar | AC1: Z.prime - We Can Overcome
A2: 41761.5 | B2: ThePresent | D2: 4 | E2: 2 | F2: 3 | G2: 3 | H2: 3 | I2: 3 | J2: 3 | K2: 4 | L2: 3 | M2: 4 | N2: 5 | O2: 3 | P2: 2 | Q2: 3 | R2: 4 | S2: 5 | T2: 5 | U2: 3 | V2: 4 | W2: 3 | X2: 4 | Y2: 3 | Z2: 4 | AA2: 2 | AB2: 3 | AC2: 4
A3: 41761.55 | B3: spidergod | D3: 4 | E3: 4 | F3: 3 | G3: 3 | H3: 3 | I3: 3 | J3: 5 | K3: 5 | L3: 3 | M3: 5 | N3: 3 | O3: 3 | P3: 2 | Q3: 5 | R3: 4 | S3: 4 | T3: 3 | U3: 3 | V3: 5 | W3: 4 | X3: 5 | Y3: 1 | Z3: 3 | AA3: 3 | AB3: 3 | AC3: 4
A4: 41761.563 | B4: U-o | D4: 2 | E4: 2 | F4: 2 | G4: 2 | H4: 3 | I4: 2 | J4: 3 | K4: 5 | L4: 2 | M4: 4 | N4: 2 | O4: 3 | P4: 1 | Q4: 4 | R4: 4 | S4: 5 | T4: 2 | U4: 2 | V4: 2 | W4: 3 | X4: 3 | Y4: 3 | Z4: 2 | AA4: 2 | AB4: 4 | AC4: 5
A5: 41761.645 | B5: Full Bucket | D5: 3 | E5: 3 | F5: 4 | G5: 3 | H5: 2 | I5: 4 | J5: 1 | K5: 4 | L5: 4 | M5: 5 | N5: 5 | O5: 4 | P5: 4 | Q5: 4 | R5: 4 | S5: 5 | T5: 3 | U5: 2 | V5: 5 | W5: 3 | X5: 5 | Y5: 4 | Z5: 5 | AA5: 3 | AB5: 4 | AC5: 5
A6: 41761.87 | B6: z.prime | D6: 4 | E6: 3 | F6: 3 | G6: 3 | H6: 3 | I6: 2 | J6: 4 | K6: 5 | L6: 3 | M6: 3 | N6: 4 | O6: 4 | P6: 1 | Q6: 4 | R6: 4 | S6: 4 | T6: 5 | U6: 3 | V6: 3 | W6: 3 | X6: 3 | Y6: 4 | Z6: 3 | AA6: 2 | AB6: 4 | AC6: 1
A7: 41761.933 | B7: new kids on the block | D7: 5 | E7: 2 | F7: 2 | G7: 2 | H7: 4 | I7: 3 | J7: 1 | K7: 3 | L7: 1 | M7: 3 | N7: 5 | O7: 1 | P7: 1 | Q7: 1 | R7: 4 | S7: 3 | T7: 2 | U7: 4 | V7: 2 | W7: 5 | X7: 2 | Y7: 1 | Z7: 1 | AA7: 1 | AB7: 3 | AC7: 3
A8: 41761.999 | B8: Loris DS | D8: 4 | E8: 3 | F8: 2 | G8: 2 | H8: 2 | I8: 2 | J8: 2 | K8: 3 | L8: 3 | M8: 3 | N8: 3 | O8: 1 | P8: 2 | Q8: 4 | R8: 3 | S8: 3 | T8: 5 | U8: 3 | V8: 4 | W8: 3 | X8: 4 | Y8: 3 | Z8: 3 | AA8: 2 | AB8: 3 | AC8: 5
A9: 41762.129 | B9: BK1 | D9: 5 | E9: 4 | F9: 3 | G9: 4 | H9: 4 | I9: 4 | J9: 5 | K9: 3 | L9: 5 | M9: 5 | N9: 4 | O9: 5 | P9: 2 | Q9: 5 | R9: 5 | S9: 5 | T9: 5 | U9: 3 | V9: 4 | W9: 5 | X9: 5 | Y9: 5 | Z9: 3 | AA9: 1 | AB9: 5 | AC9: 5
A10: 41762.397 | B10: flipm1967 | D10: 4 | E10: 3 | F10: 4 | G10: 3 | H10: 4 | I10: 1 | J10: 5 | K10: 5 | L10: 3 | M10: 4 | N10: 3 | O10: 3 | P10: 1 | Q10: 5 | R10: 4 | S10: 5 | T10: 5 | U10: 2 | V10: 3 | W10: 3 | X10: 4 | Y10: 5 | Z10: 4 | AA10: 2 | AB10: 3 | AC10: 4
A11: 41762.824 | B11: satYatunes | D11: 4 | E11: 3 | F11: 3 | G11: 3 | H11: 3 | I11: 2 | J11: 4 | K11: 4 | L11: 3 | M11: 4 | N11: 2 | O11: 3 | P11: 2 | Q11: 3 | R11: 5 | S11: 5 | T11: 5 | U11: 3 | V11: 3 | W11: 3 | X11: 3 | Y11: 3 | Z11: 2 | AA11: 3 | AB11: 4 | AC11: 5
A12: 41763.028 | B12: DoctorBob | D12: 3 | E12: 3 | F12: 4 | G12: 1 | H12: 5 | I12: 4 | J12: 4 | K12: 5 | L12: 2 | M12: 5 | N12: 3 | O12: 5 | P12: 2 | Q12: 4 | R12: 5 | S12: 5 | T12: 5 | U12: 2 | V12: 4 | W12: 3 | X12: 3 | Y12: 4 | Z12: 4 | AA12: 3 | AB12: 4 | AC12: 5
A13: 41763.233 | B13: cytoSonic | D13: 3 | E13: 2 | F13: 1 | G13: 4 | H13: 5 | I13: 3 | J13: 4 | K13: 4 | L13: 2 | M13: 5 | N13: 5 | O13: 2 | P13: 2 | Q13: 4 | R13: 4 | S13: 4 | T13: 4 | U13: 2 | V13: 5 | W13: 2 | X13: 4 | Y13: 2 | Z13: 5 | AA13: 2 | AB13: 4 | AC13: 4
... A31: 41774.938 | B31: Orboscope | D31: 1 | E31: 3 | F31: 1 | G31: 1 | H31: 1 | I31: 1 | J31: 3 | K31: 5 | L31: 3 | M31: 3 | N31: 3 | O31: 4 | P31: 1 | Q31: 1 | R31: 3 | S31: 2 | T31: 4 | U31: 2 | V31: 2 | W31: 3 | X31: 4 | Y31: 5 | Z31: 2 | AA31: 1 | AB31: 3 | AC31: 5
B32: 5's | F32: =COUNTIF(F4:F31,5) -> 4 | J32: =COUNTIF(J2:J31,5) -> 9 | K32: =COUNTIF(K2:K31,5) -> 12 | M32: =COUNTIF(M2:M31,5) -> 12 | Q32: =COUNTIF(Q2:Q31,5) -> 9 | R32: =COUNTIF(R2:R31,5) -> 6 | S32: =COUNTIF(S2:S31,5) -> 12 | W32: =COUNTIF(W4:W31,5) -> 2
B33: 4's | J33: =COUNTIF(J2:J31,4) -> 13 | K33: =COUNTIF(K2:K31,4) -> 11 | M33: =COUNTIF(M2:M31,4) -> 10 | Q33: =COUNTIF(Q2:Q31,4) -> 13 | S33: =COUNTIF(S2:S31,4) -> 11
B34: 3's | J34: =COUNTIF(J2:J31,3) -> 5 | K34: =COUNTIF(K2:K31,3) -> 5 | Q34: =COUNTIF(Q2:Q31,3) -> 5 | S34: =COUNTIF(S2:S31,3) -> 5
B35: 2's | J35: =COUNTIF(J2:J31,2) -> 1 | K35: =COUNTIF(K2:K31,2) -> 1 | Q35: =COUNTIF(Q2:Q31,2) -> 1 | S35: =COUNTIF(S2:S31,2) -> 1
B36: 1's | J36: =COUNTIF(J2:J31,1) -> 2 | K36: =COUNTIF(K2:K31,1) -> 1 | Q36: =COUNTIF(Q2:Q31,1) -> 2 | S36: =COUNTIF(S2:S31,1) -> 1

Sheet Statistics
A1: Voter Name | B1: Sum given | C1: Ones | D1: Twos | E1: Threes | F1: Fours | G1: Fives
A2: ='Voting Results'!B2 -> ThePresent | B2: =SUM('Voting Results'!D2:AC2) -> 89 | C2: =COUNTIF('Voting Results'!D2:AC2,1) -> 0 | D2: =COUNTIF('Voting Results'!D2:AC2,2) -> 3 | E2: =COUNTIF('Voting Results'!D2:AC2,3) -> 12 | F2: =COUNTIF('Voting Results'!D2:AC2,4) -> 8 | G2: =COUNTIF('Voting Results'!D2:AC2,5) -> 3
A3: ='Voting Results'!B3 -> spidergod | B3: =SUM('Voting Results'!D3:AC3) -> 93 | C3: =COUNTIF('Voting Results'!D3:AC3,1) -> 1 | D3: =COUNTIF('Voting Results'!D3:AC3,2) -> 1 | E3: =COUNTIF('Voting Results'!D3:AC3,3) -> 12 | F3: =COUNTIF('Voting Results'!D3:AC3,4) -> 6 | G3: =COUNTIF('Voting Results'!D3:AC3,5) -> 6
A4: ='Voting Results'!B4 -> U-o | B4: =SUM('Voting Results'!D4:AC4) -> 74 | C4: =COUNTIF('Voting Results'!D4:AC4,1) -> 1 | D4: =COUNTIF('Voting Results'!D4:AC4,2) -> 12 | E4: =COUNTIF('Voting Results'!D4:AC4,3) -> 6 | F4: =COUNTIF('Voting Results'!D4:AC4,4) -> 4 | G4: =COUNTIF('Voting Results'!D4:AC4,5) -> 3
A5: ='Voting Results'!B5 -> Full Bucket | B5: =SUM('Voting Results'!D5:AC5) -> 98 | C5: =COUNTIF('Voting Results'!D5:AC5,1) -> 1 | D5: =COUNTIF('Voting Results'!D5:AC5,2) -> 2 | E5: =COUNTIF('Voting Results'!D5:AC5,3) -> 6 | F5: =COUNTIF('Voting Results'!D5:AC5,4) -> 10 | G5: =COUNTIF('Voting Results'!D5:AC5,5) -> 7
A6: ='Voting Results'!B6 -> z.prime | B6: =SUM('Voting Results'!D6:AC6) -> 85 | C6: =COUNTIF('Voting Results'!D6:AC6,1) -> 2 | D6: =COUNTIF('Voting Results'!D6:AC6,2) -> 2 | E6: =COUNTIF('Voting Results'!D6:AC6,3) -> 11 | F6: =COUNTIF('Voting Results'!D6:AC6,4) -> 9 | G6: =COUNTIF('Voting Results'!D6:AC6,5) -> 2
A7: ='Voting Results'!B7 -> new kids on the block | B7: =SUM('Voting Results'!D7:AC7) -> 65 | C7: =COUNTIF('Voting Results'!D7:AC7,1) -> 8 | D7: =COUNTIF('Voting Results'!D7:AC7,2) -> 6 | E7: =COUNTIF('Voting Results'!D7:AC7,3) -> 6 | F7: =COUNTIF('Voting Results'!D7:AC7,4) -> 3 | G7: =COUNTIF('Voting Results'!D7:AC7,5) -> 3
A8: ='Voting Results'!B8 -> Loris DS | B8: =SUM('Voting Results'!D8:AC8) -> 77 | C8: =COUNTIF('Voting Results'!D8:AC8,1) -> 1 | D8: =COUNTIF('Voting Results'!D8:AC8,2) -> 7 | E8: =COUNTIF('Voting Results'!D8:AC8,3) -> 12 | F8: =COUNTIF('Voting Results'!D8:AC8,4) -> 4 | G8: =COUNTIF('Voting Results'!D8:AC8,5) -> 2
A9: ='Voting Results'!B9 -> BK1 | B9: =SUM('Voting Results'!D9:AC9) -> 109 | C9: =COUNTIF('Voting Results'!D9:AC9,1) -> 1 | D9: =COUNTIF('Voting Results'!D9:AC9,2) -> 1 | E9: =COUNTIF('Voting Results'!D9:AC9,3) -> 4 | F9: =COUNTIF('Voting Results'!D9:AC9,4) -> 6 | G9: =COUNTIF('Voting Results'!D9:AC9,5) -> 14
A10: ='Voting Results'!B10 -> flipm1967 | B10: =SUM('Voting Results'!D10:AC10) -> 92 | C10: =COUNTIF('Voting Results'!D10:AC10,1) -> 2 | D10: =COUNTIF('Voting Results'!D10:AC10,2) -> 2 | E10: =COUNTIF('Voting Results'!D10:AC10,3) -> 8 | F10: =COUNTIF('Voting Results'!D10:AC10,4) -> 8 | G10: =COUNTIF('Voting Results'!D10:AC10,5) -> 6
A11: ='Voting Results'!B11 -> satYatunes | B11: =SUM('Voting Results'!D11:AC11) -> 87 | C11: =COUNTIF('Voting Results'!D11:AC11,1) -> 0 | D11: =COUNTIF('Voting Results'!D11:AC11,2) -> 4 | E11: =COUNTIF('Voting Results'!D11:AC11,3) -> 13 | F11: =COUNTIF('Voting Results'!D11:AC11,4) -> 5 | G11: =COUNTIF('Voting Results'!D11:AC11,5) -> 4
A12: ='Voting Results'!B12 -> DoctorBob | B12: =SUM('Voting Results'!D12:AC12) -> 97 | C12: =COUNTIF('Voting Results'!D12:AC12,1) -> 1 | D12: =COUNTIF('Voting Results'!D12:AC12,2) -> 3 | E12: =COUNTIF('Voting Results'!D12:AC12,3) -> 6 | F12: =COUNTIF('Voting Results'!D12:AC12,4) -> 8 | G12: =COUNTIF('Voting Results'!D12:AC12,5) -> 8
A13: ='Voting Results'!B13 -> cytoSonic | B13: =SUM('Voting Results'!D13:AC13) -> 88 | C13: =COUNTIF('Voting Results'!D13:AC13,1) -> 1 | D13: =COUNTIF('Voting Results'!D13:AC13,2) -> 8 | E13: =COUNTIF('Voting Results'!D13:AC13,3) -> 2 | F13: =COUNTIF('Voting Results'!D13:AC13,4) -> 10 | G13: =COUNTIF('Voting Results'!D13:AC13,5) -> 5
... A31: ='Voting Results'!B31 -> Orboscope | B31: =SUM('Voting Results'!D31:AC31) -> 67 | C31: =COUNTIF('Voting Results'!D31:AC31,1) -> 8 | D31: =COUNTIF('Voting Results'!D31:AC31,2) -> 4 | E31: =COUNTIF('Voting Results'!D31:AC31,3) -> 8 | F31: =COUNTIF('Voting Results'!D31:AC31,4) -> 3 | G31: =COUNTIF('Voting Results'!D31:AC31,5) -> 3
A32: ='Voting Results'!B32 -> 5's | B32: =SUM("") -> 0 | C32: =COUNTIF("", 1) -> 0 | D32: =COUNTIF("", 2) -> 0 | E32: =COUNTIF("", 3) -> 0 | F32: =COUNTIF("", 4) -> 0 | G32: =COUNTIF("", 5) -> 0
A33: ='Voting Results'!B33 -> 4's | B33: =SUM("") -> 0 | C33: =COUNTIF("", 1) -> 0 | D33: =COUNTIF("", 2) -> 0 | E33: =COUNTIF("", 3) -> 0 | F33: =COUNTIF("", 4) -> 0 | G33: =COUNTIF("", 5) -> 0
A34: ='Voting Results'!B34 -> 3's | B34: =SUM("") -> 0 | C34: =COUNTIF("", 1) -> 0 | D34: =COUNTIF("", 2) -> 0 | E34: =COUNTIF("", 3) -> 0 | F34: =COUNTIF("", 4) -> 0 | G34: =COUNTIF("", 5) -> 0
A35: ='Voting Results'!B35 -> 2's | B35: =SUM("") -> 0 | C35: =COUNTIF("", 1) -> 0 | D35: =COUNTIF("", 2) -> 0 | E35: =COUNTIF("", 3) -> 0 | F35: =COUNTIF("", 4) -> 0 | G35: =COUNTIF("", 5) -> 0
A36: ='Voting Results'!B36 -> 1's | B36: =SUM("") -> 0 | C36: =COUNTIF("", 1) -> 0 | D36: =COUNTIF("", 2) -> 0 | E36: =COUNTIF("", 3) -> 0 | F36: =COUNTIF("", 4) -> 0 | G36: =COUNTIF("", 5) -> 0
A37: ={} -> #REF! | B37: =SUM("") -> 0 | C37: =COUNTIF("", 1) -> 0 | D37: =COUNTIF("", 2) -> 0 | E37: =COUNTIF("", 3) -> 0 | F37: =COUNTIF("", 4) -> 0 | G37: =COUNTIF("", 5) -> 0
A38: ={} -> #REF! | B38: =SUM("") -> 0 | C38: =COUNTIF("", 1) -> 0 | D38: =COUNTIF("", 2) -> 0 | E38: =COUNTIF("", 3) -> 0 | F38: =COUNTIF("", 4) -> 0 | G38: =COUNTIF("", 5) -> 0
A39: ={} -> #REF! | B39: =SUM("") -> 0 | C39: =COUNTIF("", 1) -> 0 | D39: =COUNTIF("", 2) -> 0 | E39: =COUNTIF("", 3) -> 0 | F39: =COUNTIF("", 4) -> 0 | G39: =COUNTIF("", 5) -> 0
A40: ={} -> #REF! | B40: =SUM("") -> 0 | C40: =COUNTIF("", 1) -> 0 | D40: =COUNTIF("", 2) -> 0 | E40: =COUNTIF("", 3) -> 0 | F40: =COUNTIF("", 4) -> 0 | G40: =COUNTIF("", 5) -> 0
A41: ={} -> #REF! | B41: =SUM("") -> 0 | C41: =COUNTIF("", 1) -> 0 | D41: =COUNTIF("", 2) -> 0 | E41: =COUNTIF("", 3) -> 0 | F41: =COUNTIF("", 4) -> 0 | G41: =COUNTIF("", 5) -> 0
A42: ={} -> #REF! | B42: =SUM("") -> 0 | C42: =COUNTIF("", 1) -> 0 | D42: =COUNTIF("", 2) -> 0 | E42: =COUNTIF("", 3) -> 0 | F42: =COUNTIF("", 4) -> 0 | G42: =COUNTIF("", 5) -> 0
A43: ={} -> #REF! | B43: =SUM("") -> 0 | C43: =COUNTIF("", 1) -> 0 | D43: =COUNTIF("", 2) -> 0 | E43: =COUNTIF("", 3) -> 0 | F43: =COUNTIF("", 4) -> 0 | G43: =COUNTIF("", 5) -> 0
A44: ={} -> #REF! | B44: =SUM("") -> 0 | C44: =COUNTIF("", 1) -> 0 | D44: =COUNTIF("", 2) -> 0 | E44: =COUNTIF("", 3) -> 0 | F44: =COUNTIF("", 4) -> 0 | G44: =COUNTIF("", 5) -> 0
A45: ={} -> #REF! | B45: =SUM("") -> 0 | C45: =COUNTIF("", 1) -> 0 | D45: =COUNTIF("", 2) -> 0 | E45: =COUNTIF("", 3) -> 0 | F45: =COUNTIF("", 4) -> 0 | G45: =COUNTIF("", 5) -> 0
A46: ={} -> #REF! | B46: =SUM("") -> 0 | C46: =COUNTIF("", 1) -> 0 | D46: =COUNTIF("", 2) -> 0 | E46: =COUNTIF("", 3) -> 0 | F46: =COUNTIF("", 4) -> 0 | G46: =COUNTIF("", 5) -> 0
A47: ={} -> #REF! | B47: =SUM("") -> 0 | C47: =COUNTIF("", 1) -> 0 | D47: =COUNTIF("", 2) -> 0 | E47: =COUNTIF("", 3) -> 0 | F47: =COUNTIF("", 4) -> 0 | G47: =COUNTIF("", 5) -> 0
A48: ={} -> #REF! | B48: =SUM("") -> 0 | C48: =COUNTIF("", 1) -> 0 | D48: =COUNTIF("", 2) -> 0 | E48: =COUNTIF("", 3) -> 0 | F48: =COUNTIF("", 4) -> 0 | G48: =COUNTIF("", 5) -> 0
... A99: ={} -> #REF! | B99: =SUM("") -> 0 | C99: =COUNTIF("", 1) -> 0 | D99: =COUNTIF("", 2) -> 0 | E99: =COUNTIF("", 3) -> 0 | F99: =COUNTIF("", 4) -> 0 | G99: =COUNTIF("", 5) -> 0
