Workbook

Sheet Voting Results
A1: Timestamp | B1: Voter name (KVR nick) | C1: ballacr75 - drops | D1: z.prime - Destined for More | E1: ballacr75 - newone | F1: bh9090 - OSCFF1 | G1: bh9090 - OSCFF2 | H1: bh9090 - OSCFF3 | I1: bh9090 - OSCFF4 | J1: bh9090 - OSCFF5 | K1: bh9090 - OSCFF6 | L1: Broad Halls of Yeast - Farside | M1: Bumtu - Midnight Dance | N1: CapDan - Back II Back | O1: ClaRago - Gemini | P1: Dead Eddy - Door | Q1: Dimtsak - Enter through the narrow gate | R1: Doc Jon - Zygosis2 | S1: Eauson - We lost you too soon | T1: Eauson - You gotta believe | U1: evo2slo - The Stars Are Yours | V1: Farlukar - Emmi | W1: Gorgorgathgorgorgor - Descent | X1: Jasinski - Era of Good Feelings | Y1: markheath - Double Infusion | Z1: moldavsky - and then there were none | AA1: Nikp2000 - moneyman | AB1: Photonic - Sparkling | AC1: Ricler - On the Cafe terrace | AD1: RuediRena - PheaX 1.2 | AE1: Skyzone - Evangelism | AF1: Skyzone - My brain can't appreciate them all................. | AG1: Skyzone - That epic moment | AH1: Solidtrax - A Feast Of Speed | AI1: Sovarozüm - Hypercube II | AJ1: szalonykp - Lonely Voyage | AK1: Thrax - Eternity | AL1: VanderVan - Unhappy-Accident | AM1: VORT3X - Breeze In the Forest | AN1: Yeager - Psychic Sidekick
A2: 41334.874 | B2: szalonykp | D2: 3 | Q2: 5 | R2: 1 | AB2: 2 | AM2: 4
A3: 41334.937 | B3: Gorgorgathgorgorgor | K3: 1 | O3: 3 | R3: 2 | U3: 5 | AD3: 4
A4: 41335.561 | B4: dimtsak | R4: 5 | S4: 2 | AB4: 4 | AE4: 1 | AJ4: 3
A5: 41335.993 | B5: rod_zero | M5: 3 | P5: 5 | Q5: 1 | Y5: 2 | AH5: 4
A6: 41337.921 | B6: bh9090 | D6: 4 | L6: 2 | X6: 5 | AC6: 3 | AM6: 1
A7: 41339.553 | B7: markheath | E7: 2 | R7: 5 | AB7: 3 | AJ7: 4 | AK7: 1
A8: 41339.555 | B8: jkworks | P8: 2 | Y8: 1 | Z8: 4 | AE8: 3 | AH8: 5
A9: 41339.557 | B9: Moldavsky | M9: 1 | W9: 2 | AC9: 3 | AD9: 4 | AM9: 5
A10: 41339.558 | B10: ricler | D10: 1 | J10: 2 | M10: 3 | O10: 4 | Z10: 5
A11: 41340.473 | B11: photonic | L11: 1 | Q11: 2 | R11: 5 | AE11: 4 | AM11: 3
A12: 41340.836 | B12: ballacr75 | D12: 5 | F12: 3 | R12: 1 | AB12: 2 | AE12: 4
A13: 41341.46 | B13: Marando | Q13: 3 | R13: 2 | X13: 4 | AB13: 1 | AH13: 5
A14: 41341.981 | B14: bumtu | D14: 4 | R14: 5 | AH14: 3 | AI14: 1 | AM14: 2
A15: 41342.677 | B15: objectman | M15: 3 | Z15: 4 | AC15: 1 | AD15: 5 | AH15: 2
A16: 41342.677 | B16: nikp2000 | P16: 3 | R16: 2 | U16: 5 | X16: 1 | AB16: 4
A17: 41342.677 | B17: ClaRago | P17: 1 | R17: 5 | V17: 3 | W17: 4 | Z17: 2
A18: 41344.626 | B18: Yeager | D18: 5 | R18: 4 | X18: 1 | AB18: 3 | AI18: 2
A19: 41344.626 | B19: farlukar | G19: 2 | N19: 4 | P19: 5 | Z19: 3 | AM19: 1
A20: 41344.627 | B20: Doc Jon | D20: 2 | L20: 3 | Q20: 4 | AB20: 5 | AM20: 1
A21: 41346.759 | B21: bzur | R21: 5 | Z21: 2 | AG21: 4 | AJ21: 1 | AK21: 3
A22: 41347.655 | B22: solidtrax | D22: 1 | R22: 4 | X22: 5 | AM22: 2 | AN22: 3
A23: 41347.656 | B23: loris16148 | D23: 5 | R23: 3 | X23: 4 | AJ23: 2 | AK23: 1
A24: 41347.657 | B24: xiphiuz | S24: 1 | Y24: 2 | AA24: 4 | AH24: 5 | AN24: 3
A25: 41347.758 | B25: evo2slo | R25: 5 | T25: 1 | X25: 4 | AD25: 2 | AI25: 3
A26: 41347.759 | B26: jasinski | D26: 5 | J26: 1 | M26: 4 | AC26: 2 | AH26: 3
A27: 41351.489 | B27: Eauson | U27: 3 | W27: 5 | AH27: 2 | AI27: 4 | AM27: 1
A28: 41351.49 | B28: RuediRena | J28: 4 | P28: 2 | W28: 1 | AB28: 3 | AN28: 5
A29: 41351.49 | B29: satYatunes | D29: 2 | K29: 4 | P29: 3 | AB29: 5 | AF29: 1
A30: 41351.491 | B30: IrionDaRonin | J30: 3 | Q30: 5 | AE30: 2 | AJ30: 1 | AM30: 4
A31: 41351.491 | B31: SKYZONE | E31: 3 | Q31: 4 | U31: 1 | Y31: 2 | AB31: 5
A32: 41351.492 | B32: Thrax | J32: 1 | Q32: 4 | Z32: 2 | AB32: 3 | AH32: 5
A33: 41351.493 | B33: V0RT3X | D33: 1 | Q33: 4 | R33: 2 | AG33: 3 | AI33: 5
A34: 41351.493 | B34: bhy | D34: 4 | J34: 2 | K34: 1 | M34: 5 | R34: 3
A35: 41351.494 | B35: z.prime | J35: 2 | M35: 4 | Q35: 3 | X35: 1 | AH35: 5
A36: 41351.495 | B36: VanderVan | E36: 3 | N36: 5 | Q36: 4 | U36: 2 | AK36: 1

Sheet TOTAL SCORES
A1: ='Voting Results'!$R$1 -> Doc Jon - Zygosis2 | B1: =SUM('Voting Results'!R1:R119) -> 59
A2: ='Voting Results'!$D$1 -> z.prime - Destined for More | B2: =SUM('Voting Results'!D1:D134) -> 42
A3: ='Voting Results'!$AB$1 -> Photonic - Sparkling | B3: =SUM('Voting Results'!AB1:AB111) -> 40
A4: ='Voting Results'!$AH$1 -> Solidtrax - A Feast Of Speed | B4: =SUM('Voting Results'!Q1:Q123) -> 39
A5: ='Voting Results'!$Q$1 -> Dimtsak - Enter through the narrow gate | B5: =SUM('Voting Results'!AH1:AH107) -> 39
A6: ='Voting Results'!$X$1 -> Jasinski - Era of Good Feelings | B6: =SUM('Voting Results'!X1:X118) -> 25
A7: ='Voting Results'!$AM$1 -> VORT3X - Breeze In the Forest | B7: =SUM('Voting Results'!AM1:AM104) -> 24
A8: ='Voting Results'!$M$1 -> Bumtu - Midnight Dance | B8: =SUM('Voting Results'!M1:M131) -> 23
A9: ='Voting Results'!$Z$1 -> moldavsky - and then there were none | B9: =SUM('Voting Results'!Z1:Z119) -> 22
A10: ='Voting Results'!$P$1 -> Dead Eddy - Door | B10: =SUM('Voting Results'!P1:P130) -> 21
A11: ='Voting Results'!$U$1 -> evo2slo - The Stars Are Yours | B11: =SUM('Voting Results'!U1:U126) -> 16
A12: ='Voting Results'!$AD$1 -> RuediRena - PheaX 1.2 | B12: =SUM('Voting Results'!J1:J138) -> 15
A13: ='Voting Results'!$AI$1 -> Sovarozüm - Hypercube II | B13: =SUM('Voting Results'!AD1:AD119) -> 15
A14: ='Voting Results'!$J$1 -> bh9090 - OSCFF5 | B14: =SUM('Voting Results'!AI1:AI115) -> 15
A15: ='Voting Results'!$AE$1 -> Skyzone - Evangelism | B15: =SUM('Voting Results'!AE1:AE120) -> 14
A16: ='Voting Results'!$W$1 -> Gorgorgathgorgorgor - Descent | B16: =SUM('Voting Results'!W1:W129) -> 12
A17: ='Voting Results'!$AN$1 -> Yeager - Psychic Sidekick | B17: =SUM('Voting Results'!AJ1:AJ117) -> 11
A18: ='Voting Results'!$AJ$1 -> szalonykp - Lonely Voyage | B18: =SUM('Voting Results'!AN1:AN114) -> 11
A19: ='Voting Results'!$N$1 -> CapDan - Back II Back | B19: =SUM('Voting Results'!N1:N141) -> 9
A20: ='Voting Results'!$AC$1 -> Ricler - On the Cafe terrace | B20: =SUM('Voting Results'!AC1:AC127) -> 9
A21: ='Voting Results'!$E$1 -> ballacr75 - newone | B21: =SUM('Voting Results'!E1:E152) -> 8
A22: ='Voting Results'!$O$1 -> ClaRago - Gemini | B22: =SUM('Voting Results'!O1:O143) -> 7
A23: ='Voting Results'!$AG$1 -> Skyzone - That epic moment | B23: =SUM('Voting Results'!Y1:Y134) -> 7
A24: ='Voting Results'!$Y$1 -> markheath - Double Infusion | B24: =SUM('Voting Results'!AG1:AG127) -> 7
A25: ='Voting Results'!$K$1 -> bh9090 - OSCFF6 | B25: =SUM('Voting Results'!K1:K150) -> 6
A26: ='Voting Results'!$L$1 -> Broad Halls of Yeast - Farside | B26: =SUM('Voting Results'!L1:L150) -> 6
A27: ='Voting Results'!$AK$1 -> Thrax - Eternity | B27: =SUM('Voting Results'!AK1:AK126) -> 6
A28: ='Voting Results'!$AA$1 -> Nikp2000 - moneyman | B28: =SUM('Voting Results'!AA1:AA137) -> 4
A29: ='Voting Results'!$F$1 -> bh9090 - OSCFF1 | B29: =SUM('Voting Results'!F1:F159) -> 3
A30: ='Voting Results'!$S$1 -> Eauson - We lost you too soon | B30: =SUM('Voting Results'!S1:S147) -> 3
A31: ='Voting Results'!$V$1 -> Farlukar - Emmi | B31: =SUM('Voting Results'!V1:V145) -> 3
A32: ='Voting Results'!$G$1 -> bh9090 - OSCFF2 | B32: =SUM('Voting Results'!G1:G161) -> 2
A33: ='Voting Results'!$T$1 -> Eauson - You gotta believe | B33: =SUM('Voting Results'!T1:T149) -> 1
A34: ='Voting Results'!$AF$1 -> Skyzone - My brain can't appreciate them all................. | B34: =SUM('Voting Results'!AF1:AF138) -> 1
A35: ='Voting Results'!$C$1 -> ballacr75 - drops | B35: =SUM('Voting Results'!C1:C168) -> 0
A36: ='Voting Results'!$H$1 -> bh9090 - OSCFF3 | B36: =SUM('Voting Results'!H1:H164) -> 0
A37: ='Voting Results'!$I$1 -> bh9090 - OSCFF4 | B37: =SUM('Voting Results'!I1:I164) -> 0
A38: ='Voting Results'!$AL$1 -> VanderVan - Unhappy-Accident | B38: =SUM('Voting Results'!AL1:AL136) -> 0
