Workbook

Sheet Voting Results
A1: Timestamp | B1: Voter name (KVR nick) | C1: Aiyn Zahev - Eyelids of Autumn | D1: Skyzone - The basic bits | E1: Angelremington - Alchemy Reflections | F1: Bjulin - Electronic Pyjama Party | G1: e@rs - Autofocus | H1: evo2slo - Soul Candy | I1: Jasinski- Puppet Show | J1: Key88 - Alchemy | K1: Loris D Solic - Demolition imminent | L1: Nikp2000 - pick-er-roll | M1: Numerologia - PACMAN FOREVER | N1: pedalsteeldrummer - Amrita (Water of Life) | O1: Picapica (aka steradd) - Signal; first contact | P1: Skyzone - Across the universe | Q1: Skyzone - Ice mountain | R1: Skyzone - Speed of life
A2: 41218.309 | B2: angelremington | C2: 5 | D2: 3 | I2: 4 | K2: 2 | O2: 1
A3: 41218.309 | B3: picapica | C3: 4 | F3: 5 | I3: 2 | N3: 3 | Q3: 1
A4: 41218.31 | B4: satYatunes | H4: 4 | I4: 1 | K4: 3 | N4: 5 | P4: 2
A5: 41218.31 | B5: Bjulin | C5: 5 | H5: 1 | I5: 4 | M5: 2 | N5: 3
A6: 41218.311 | B6: IrionDaRonin | C6: 4 | F6: 3 | I6: 1 | N6: 2 | O6: 5
A7: 41218.311 | B7: photonic | C7: 3 | F7: 1 | I7: 4 | O7: 5 | Q7: 2
A8: 41229.427 | B8: nikp2000 | F8: 1 | I8: 3 | J8: 5 | N8: 4 | O8: 2
A9: 41229.428 | B9: pedalsteeldrummer | C9: 5 | F9: 3 | H9: 1 | I9: 4 | K9: 2
A10: 41229.429 | B10: Aiynzahev | F10: 3 | I10: 1 | N10: 5 | O10: 4 | Q10: 2
A11: 41229.43 | B11: SuperNoise | C11: 5 | F11: 3 | H11: 2 | I11: 4 | Q11: 1
A12: 41229.431 | B12: numerologia | E12: 4 | F12: 2 | H12: 3 | I12: 5 | K12: 1
A13: 41229.432 | B13: loris16148 | C13: 5 | E13: 1 | H13: 3 | I13: 4 | M13: 2
A14: 41229.433 | B14: jasinski | C14: 3 | F14: 4 | M14: 2 | N14: 5 | R14: 1
A15: 41229.434 | B15: el-bo | C15: 2 | E15: 1 | F15: 4 | I15: 5 | Q15: 3
A16: 41229.434 | B16: e@rs | E16: 2 | F16: 5 | L16: 1 | Q16: 3 | R16: 4
A17: 41229.435 | B17: SKYZONE | C17: 1 | E17: 4 | G17: 5 | H17: 2 | O17: 3
A18: 41229.436 | B18: RuediRena | F18: 2 | H18: 3 | J18: 5 | M18: 1 | O18: 4
A19: 41229.436 | B19: bzur | C19: 3 | F19: 5 | H19: 1 | I19: 4 | P19: 2
A20: 41229.437 | B20: evo2slo | C20: 1 | F20: 4 | I20: 5 | M20: 3 | N20: 2
A21: 41229.437 | B21: z.prime | C21: 5 | F21: 4 | I21: 2 | N21: 1 | R21: 3
A22: 41229.439 | B22: key88 | F22: 1 | G22: 2 | M22: 5 | O22: 3 | Q22: 4
A23: 41229.44 | B23: papatomany | F23: 3 | H23: 1 | I23: 5 | J23: 4 | N23: 2
A24: 41229.44 | B24: adagiocm | C24: 1 | F24: 4 | I24: 3 | O24: 2 | R24: 5

Sheet TOTAL SCORES
A1: ='Voting Results'!$I$1 -> Jasinski- Puppet Show | B1: =SUM('Voting Results'!I1:I116) -> 61
A2: ='Voting Results'!$F$1 -> Bjulin - Electronic Pyjama Party | B2: =SUM('Voting Results'!F1:F120) -> 57
A3: ='Voting Results'!$C$1 -> Aiyn Zahev - Eyelids of Autumn | B3: =SUM('Voting Results'!C1:C124) -> 52
A4: ='Voting Results'!$N$1 -> pedalsteeldrummer - Amrita (Water of Life) | B4: =SUM('Voting Results'!N1:N114) -> 32
A5: ='Voting Results'!$O$1 -> Picapica (aka steradd) - Signal; first contact | B5: =SUM('Voting Results'!O1:O114) -> 29
A6: ='Voting Results'!$H$1 -> evo2slo - Soul Candy | B6: =SUM('Voting Results'!H1:H122) -> 21
A7: ='Voting Results'!$Q$1 -> Skyzone - Ice mountain | B7: =SUM('Voting Results'!Q1:Q114) -> 16
A8: ='Voting Results'!$M$1 -> Numerologia - PACMAN FOREVER | B8: =SUM('Voting Results'!M1:M119) -> 15
A9: ='Voting Results'!$J$1 -> Key88 - Alchemy | B9: =SUM('Voting Results'!J2:J123) -> 14
A10: ='Voting Results'!$R$1 -> Skyzone - Speed of life | B10: =SUM('Voting Results'!R1:R116) -> 13
A11: ='Voting Results'!$E$1 -> Angelremington - Alchemy Reflections | B11: =SUM('Voting Results'!E1:E130) -> 12
A12: ='Voting Results'!$K$1 -> Loris D Solic - Demolition imminent | B12: =SUM('Voting Results'!K1:K125) -> 8
A13: ='Voting Results'!$G$1 -> e@rs - Autofocus | B13: =SUM('Voting Results'!G1:G130) -> 7
A14: ='Voting Results'!$P$1 -> Skyzone - Across the universe | B14: =SUM('Voting Results'!P1:P122) -> 4
A15: ='Voting Results'!$D$1 -> Skyzone - The basic bits | B15: =SUM('Voting Results'!D1:D135) -> 3
A16: ='Voting Results'!$L$1 -> Nikp2000 - pick-er-roll | B16: =SUM('Voting Results'!L1:L128) -> 1
