Workbook

Sheet Voting Results
A1: Timestamp | B1: Voter name (KVR nick) | C1: BigHorny - tattiemannie | D1: Fractured Planet - Mike777 | E1: Impossible To Miss - Yeager | F1: Interoperable times - dwsel | G1: Love Divine - Vanmorrison | H1: TIRING_YEARS - Mac of BIOnighT | I1: Midnight Runaway - Archon1024 | J1: My Pet Necronom - DramaNoMore | K1: Outro - Mrblitz | L1: Revelations From The Age of Enlightenment - Mike777 | M1: Stickly Stickleston - Gegech | N1: Sublimation - New Kids On The Block | O1: Can't Stop the Rain - Mick Rippon
A2: 40512.424 | B2: gtg605 | C2: 1 | E2: 5 | H2: 4 | I2: 3 | M2: 2
A3: 40513.088 | B3: james0tucson | D3: 1 | E3: 5 | H3: 4 | K3: 2 | L3: 3
A4: 40513.536 | B4: djgroovy | C4: 2 | G4: 1 | H4: 3
A5: 40514.041 | B5: Mike777 | C5: 2 | H5: 4 | I5: 3 | M5: 1 | O5: 5
A6: 40514.325 | B6: mrblitz000 | C6: 4 | D6: 2 | E6: 1 | F6: 5 | H6: 3
A7: 40515.059 | B7: Anahat | E7: 4 | H7: 5 | I7: 2 | K7: 1 | O7: 3
A8: 40516.607 | B8: doomedman | D8: 2 | E8: 4 | F8: 1 | H8: 5 | I8: 3
A9: 40517.598 | B9: dwsel | C9: 5 | D9: 4 | E9: 3 | G9: 1 | O9: 2
A10: 40518.065 | B10: Archon1024 | C10: 2 | E10: 3 | H10: 4 | K10: 1 | O10: 5
A11: 40518.068 | B11: Mac of BIOnighT | C11: 5 | I11: 1 | K11: 4 | L11: 2 | O11: 3
A12: 40524.582 | B12: DramaNoMore | C12: 2 | D12: 1 | H12: 5 | M12: 3 | O12: 4
A13: 40527.967 | B13: bzur | C13: 1 | E13: 2 | H13: 4 | I13: 3 | O13: 5
A14: 40530.213 | B14: tattiemannie | E14: 1 | F14: 4 | H14: 2 | L14: 3 | O14: 5
A15: 40530.705 | B15: MickRip | D15: 1 | E15: 5 | H15: 4 | I15: 2 | L15: 3
A16: 40531.727 | B16: Yeager | C16: 3 | D16: 1 | H16: 5 | I16: 2 | O16: 4

Sheet TOTAL SCORES
A1: ENTRY | B1: SCORE
A2: ='Voting Results'!$H$1 -> TIRING_YEARS - Mac of BIOnighT | B2: =SUM('Voting Results'!H1:H110) -> 52
A3: ='Voting Results'!$O$1 -> Can't Stop the Rain - Mick Rippon | B3: =SUM('Voting Results'!O1:O104) -> 36
A4: ='Voting Results'!$E$1 -> Impossible To Miss - Yeager | B4: =SUM('Voting Results'!E2:E116) -> 33
A5: ='Voting Results'!$C$1 -> BigHorny - tattiemannie | B5: =SUM('Voting Results'!C2:C116) -> 27
A6: ='Voting Results'!$I$1 -> Midnight Runaway - Archon1024 | B6: =SUM('Voting Results'!I1:I113) -> 19
A7: ='Voting Results'!$D$1 -> Fractured Planet - Mike777 | B7: =SUM('Voting Results'!D1:D120) -> 12
A8: ='Voting Results'!$L$1 -> Revelations From The Age of Enlightenment - Mike777 | B8: =SUM('Voting Results'!L1:L112) -> 11
A9: ='Voting Results'!$F$1 -> Interoperable times - dwsel | B9: =SUM('Voting Results'!F1:F119) -> 10
A10: ='Voting Results'!$K$1 -> Outro - Mrblitz | B10: =SUM('Voting Results'!K1:K115) -> 8
A11: ='Voting Results'!$M$1 -> Stickly Stickleston - Gegech | B11: =SUM('Voting Results'!M1:M114) -> 6
A12: ='Voting Results'!$G$1 -> Love Divine - Vanmorrison | B12: =SUM('Voting Results'!G1:G121) -> 2
A13: ='Voting Results'!$J$1 -> My Pet Necronom - DramaNoMore | B13: =SUM('Voting Results'!J1:J119) -> 0
A14: ='Voting Results'!$N$1 -> Sublimation - New Kids On The Block | B14: =SUM('Voting Results'!N2:N116) -> 0
