Workbook

Sheet Voting Results
A1: Timestamp | B1: Voter name (KVR nick) | C1: 3ee - Sequenced Into Being | D1: Ancient - Goodbye Kabul | E1: Bjporter - Gather 'round the piano and the Turn the Strobe Light On | F1: bzur - R3vive all humanZ+ | G1: dan_e10 - Traviesonota | H1: Doc Jon - Reinventing the Wheel | I1: evo2slo - Deadly Snail | J1: Examigan - Tempest | K1: IrionDaRonin - Genesis | L1: kx_001 -_- Reticulous | M1: Mdash Drake - Z3TA Dance | N1: Mike777 - The Ruins of Mars | O1: PocVecem - z3t4pØp | P1: satYatunes-Welcome Z3ta | Q1: SJM - Prospekt | R1: sly_fly - D Pentagon 5 | S1: V'ger - Humanoid | T1: deadeddy-extenuating-circumstances
A2: 40788.029 | B2: mdashdrake | E2: 4 | K2: 5 | O2: 3 | S2: 2 | T2: 1
A3: 40788.03 | B3: Crackbaby | C3: 4 | H3: 2 | L3: 5 | P3: 3 | S3: 1
A4: 40788.233 | B4: Examigan | F4: 5 | H4: 1 | K4: 2 | O4: 4 | S4: 3
A5: 40789.973 | B5: Gorgorgathgorgorgor | D5: 2 | F5: 3 | J5: 4 | K5: 5 | O5: 1
A6: 40790.141 | B6: sly fly | D6: 3 | E6: 4 | I6: 1 | N6: 5 | O6: 2
B7: IrionDaRonin | C7: 5 | H7: 4 | O7: 3 | P7: 1 | S7: 2
A8: 40790.902 | B8: SJMmusic | F8: 2 | H8: 4 | K8: 5 | P8: 1 | S8: 3
A9: 40790.903 | B9: Mike777 | D9: 5 | F9: 3 | G9: 4 | K9: 2 | S9: 1
A10: 40791.983 | B10: bzur | H10: 5 | K10: 2 | N10: 4 | O10: 1 | P10: 3
A11: 40792.597 | B11: Peter999 | F11: 4 | J11: 5 | N11: 1 | P11: 2 | S11: 3
A12: 40792.696 | B12: 3ee | D12: 4 | F12: 3 | H12: 5 | K12: 2 | Q12: 1
A13: 40794.023 | B13: evo2slo | D13: 5 | F13: 2 | H13: 1 | K13: 4 | O13: 3
A14: 40798.086 | B14: ancient | C14: 5 | F14: 4 | H14: 1 | O14: 2 | Q14: 3
A15: 40799.147 | B15: Doc Jon | D15: 3 | F15: 5 | M15: 1 | P15: 4 | Q15: 2
A16: 40799.152 | B16: Dan_E10 | F16: 1 | H16: 3 | K16: 5 | O16: 2 | P16: 4
A17: 40801.03 | B17: RuediRena | D17: 2 | H17: 3 | M17: 5 | O17: 4 | P17: 1
A18: 40801.579 | B18: pocvecem | H18: 2 | J18: 3 | K18: 4 | Q18: 1 | S18: 5
A19: 40801.729 | B19: GMoneh | D19: 1 | E19: 5 | F19: 3 | H19: 4 | P19: 2
A20: 40801.796 | B20: kx.001 | C20: 1 | F20: 3 | H20: 4 | O20: 2 | P20: 5
A21: 40801.962 | B21: satYatunes | E21: 4 | F21: 2 | H21: 3 | I21: 5 | K21: 1
A22: 40802.007 | B22: Yeager | F22: 5 | H22: 1 | K22: 2 | O22: 3 | S22: 4
A23: 40802.015 | B23: V'ger | C23: 2 | F23: 1 | H23: 5 | K23: 4 | O23: 3
A24: 40802.25 | B24: bjporter | D24: 5 | H24: 1 | N24: 4 | Q24: 3 | S24: 2

Sheet TOTAL SCORES
A1: ='Voting Results'!$H$1 -> Doc Jon - Reinventing the Wheel | B1: =SUM('Voting Results'!H1:H117) -> 49
A2: ='Voting Results'!$F$1 -> bzur - R3vive all humanZ+ | B2: =SUM('Voting Results'!F1:F120) -> 46
A3: ='Voting Results'!$K$1 -> IrionDaRonin - Genesis | B3: =SUM('Voting Results'!K1:K116) -> 43
A4: ='Voting Results'!$O$1 -> PocVecem - z3t4pØp | B4: =SUM('Voting Results'!O1:O113) -> 33
A5: ='Voting Results'!$D$1 -> Ancient - Goodbye Kabul | B5: =SUM('Voting Results'!D1:D125) -> 30
A6: ='Voting Results'!$P$1 -> satYatunes-Welcome Z3ta | B6: =SUM('Voting Results'!P1:P114) -> 26
A7: ='Voting Results'!$S$1 -> V'ger - Humanoid | B7: =SUM('Voting Results'!S1:S112) -> 26
A8: ='Voting Results'!$C$1 -> 3ee - Sequenced Into Being | B8: =SUM('Voting Results'!C1:C129) -> 17
A9: ='Voting Results'!$E$1 -> Bjporter - Gather 'round the piano and the Turn the Strobe Light On | B9: =SUM('Voting Results'!E1:E128) -> 17
A10: ='Voting Results'!$N$1 -> Mike777 - The Ruins of Mars | B10: =SUM('Voting Results'!N1:N120) -> 14
A11: ='Voting Results'!$J$1 -> Examigan - Tempest | B11: =SUM('Voting Results'!J1:J125) -> 12
A12: ='Voting Results'!$Q$1 -> SJM - Prospekt | B12: =SUM('Voting Results'!Q1:Q119) -> 10
A13: ='Voting Results'!$I$1 -> evo2slo - Deadly Snail | B13: =SUM('Voting Results'!I1:I128) -> 6
A14: ='Voting Results'!$M$1 -> Mdash Drake - Z3TA Dance | B14: =SUM('Voting Results'!M1:M125) -> 6
A15: ='Voting Results'!$L$1 -> kx_001 -_- Reticulous | B15: =SUM('Voting Results'!L1:L127) -> 5
A16: ='Voting Results'!$G$1 -> dan_e10 - Traviesonota | B16: =SUM('Voting Results'!G1:G133) -> 4
A17: ='Voting Results'!$T$1 -> deadeddy-extenuating-circumstances | B17: =SUM('Voting Results'!T1:T121) -> 1
A18: ='Voting Results'!$R$1 -> sly_fly - D Pentagon 5 | B18: =SUM('Voting Results'!R1:R124) -> 0
