Workbook

Sheet Voting Results
A1: Timestamp | B1: Voter name (KVR nick) | C1: Aiyn - Beautiful Winter | D1: Alphuris - Devout | E1: Alphuris - Lilypads | F1: (DWS) Benaben - Find me Chase me Love me | G1: Bjulin - Scottish Snowfalls | H1: Bumtu - Rumpus | I1: Bzur - Divagation | J1: Chacka - After the War | K1: Chacka - Diving with a Diva | L1: Dave Dove - Auld Lang Syne | M1: Doc Jon - Eleventh Dimension | N1: Ebow - A divas Winter Daydream | O1: evo2slo - Then I Lost Onassis | P1: FarleyCZ - New Girl in the Hood | Q1: Flumba- Distant Galaxy Checkpoint Race | R1: Galastra - APZX | S1: Gorgorgathgorgorgor - Krampusnacht | T1: Gorgorgathgorgorgor - Krampusnacht mix 2 | U1: IIRS - Division | V1: Irion Da Ronin - Beyond The Sight | W1: JoeCat - Diva Rides Alone | X1: Key88-BeepBeep.mp3 | Y1: Mawa - Dance of the Goblin | Z1: Mawa - Morning Mood | AA1: Nimrod - Unconditional Feeling | AB1: Orville - Resonant Sea | AC1: Pchor - Egyptian Winters | AD1: PocVecem - panta rhei-The Eternal Flow | AE1: Solidtrax - Lady From Jupiter | AF1: Stonail - Mimosa Tree | AG1: Yeager - Insert Coin
A2: 40909.905 | B2: The unshushable Coktor | G2: 1 | H2: 2 | J2: 5 | AB2: 4 | AD2: 3
A3: 40910.484 | B3: satYatunes | C3: 3 | Q3: 2 | V3: 5 | AD3: 1 | AF3: 4
A4: 40910.669 | B4: dave dove | H4: 5 | T4: 2 | X4: 4 | AE4: 3 | AF4: 1
A5: 40910.837 | B5: solidtrax | C5: 2 | I5: 5 | M5: 3 | AA5: 4 | AD5: 1
A6: 40911.936 | B6: JJBiener | M6: 3 | O6: 1 | Y6: 5 | AB6: 2 | AD6: 4
A7: 40913.931 | B7: markheath | C7: 1 | I7: 3 | M7: 4 | Y7: 5 | AD7: 2
A8: 40913.932 | B8: mawa | C8: 5 | H8: 1 | M8: 2 | V8: 3 | AD8: 4
A9: 40914.951 | B9: Aiyn | M9: 4 | V9: 1 | AD9: 5 | AE9: 3 | AF9: 2
A10: 40914.952 | B10: bumtu | G10: 2 | I10: 3 | T10: 4 | Y10: 1 | AF10: 5
A11: 40918.091 | B11: IIRs | G11: 5 | I11: 4 | Q11: 1 | W11: 2 | Y11: 3
A12: 40919.812 | B12: Doc Jon | C12: 5 | R12: 3 | W12: 1 | Y12: 2 | AD12: 4
A13: 40919.814 | B13: Benaben | H13: 3 | J13: 2 | K13: 5 | N13: 1 | Q13: 4
A14: 40920.618 | B14: Chacka | C14: 2 | V14: 4 | Y14: 1 | AD14: 5 | AE14: 3
A15: 40920.619 | B15: 3ee | I15: 1 | M15: 2 | V15: 4 | AD15: 5 | AE15: 3
A16: 40921.754 | B16: JoeCat | C16: 3 | V16: 2 | Y16: 5 | AD16: 4 | AE16: 1
A17: 40921.755 | B17: APZX | C17: 2 | G17: 5 | H17: 1 | M17: 4 | Y17: 3
A18: 40921.756 | B18: Alphuris | C18: 4 | I18: 3 | AD18: 1 | AF18: 2 | AG18: 5
A19: 40921.788 | B19: Stonail | C19: 1 | I19: 3 | V19: 4 | Y19: 2 | AD19: 5
A20: 40922.233 | B20: pchor | I20: 2 | M20: 5 | Q20: 1 | AD20: 4 | AF20: 3
A21: 40922.234 | B21: UncleAge | H21: 1 | J21: 2 | Y21: 3 | AD21: 4 | AF21: 5
A22: 40922.876 | B22: ebow | C22: 3 | K22: 1 | W22: 2 | Y22: 5 | AD22: 4
A23: 40922.879 | B23: bzur | M23: 4 | V23: 1 | Y23: 5 | AD23: 2 | AF23: 3
A24: 40922.917 | B24: V'ger | C24: 5 | P24: 2 | U24: 3 | AD24: 4 | AE24: 1
A25: 40922.972 | B25: Gorgorgath | H25: 4 | I25: 5 | N25: 3 | U25: 1 | AD25: 2
A26: 40923.184 | B26: IrionDaRonin | C26: 2 | M26: 4 | U26: 3 | AD26: 5 | AE26: 1
A27: 40923.185 | B27: evo2slo | H27: 5 | I27: 4 | U27: 2 | AD27: 3 | AF27: 1
A28: 40923.186 | B28: Yeager | L28: 1 | M28: 4 | U28: 3 | V28: 2 | AF28: 5
A29: 40923.186 | B29: bmrzycki | C29: 4 | H29: 1 | M29: 3 | AD29: 5 | AE29: 2
A30: 40923.187 | B30: orville | L30: 2 | M30: 4 | N30: 3 | V30: 5 | Z30: 1
A31: 40923.661 | B31: key88 | C31: 4 | F31: 1 | K31: 2 | M31: 5 | U31: 3
A32: 40923.663 | B32: pocvecem | C32: 5 | V32: 3 | AE32: 1 | AF32: 4 | AG32: 2
A33: 40923.663 | B33: SJMmusic | I33: 2 | K33: 5 | Y33: 3 | AA33: 1 | AD33: 4
A34: 40924.04 | B34: RuediRena | M34: 4 | T34: 5 | W34: 1 | AA34: 2 | AF34: 3
A35: 40924.04 | B35: flumba | C35: 4 | M35: 2 | AA35: 1 | AD35: 3 | AE35: 5
A36: 40924.041 | B36: Bjulin | C36: 2 | M36: 4 | U36: 3 | AD36: 5 | AE36: 1

Sheet TOTAL SCORES
A1: ='Voting Results'!$AD$1 -> PocVecem - panta rhei-The Eternal Flow | B1: =SUM('Voting Results'!AD1:AD107) -> 89
A2: ='Voting Results'!$M$1 -> Doc Jon - Eleventh Dimension | B2: =SUM('Voting Results'!M1:M125) -> 61
A3: ='Voting Results'!$C$1 -> Aiyn - Beautiful Winter | B3: =SUM('Voting Results'!C1:C136) -> 57
A4: ='Voting Results'!$Y$1 -> Mawa - Dance of the Goblin | B4: =SUM('Voting Results'!Y1:Y115) -> 43
A5: ='Voting Results'!$AF$1 -> Stonail - Mimosa Tree | B5: =SUM('Voting Results'!AF1:AF109) -> 38
A6: ='Voting Results'!$I$1 -> Bzur - Divagation | B6: =SUM('Voting Results'!I1:I133) -> 35
A7: ='Voting Results'!$V$1 -> Irion Da Ronin - Beyond The Sight | B7: =SUM('Voting Results'!V1:V121) -> 34
A8: ='Voting Results'!$AE$1 -> Solidtrax - Lady From Jupiter | B8: =SUM('Voting Results'!AE1:AE113) -> 24
A9: ='Voting Results'!$H$1 -> Bumtu - Rumpus | B9: =SUM('Voting Results'!H1:H137) -> 23
A10: ='Voting Results'!$U$1 -> IIRS - Division | B10: =SUM('Voting Results'!U1:U125) -> 18
A11: ='Voting Results'!$G$1 -> Bjulin - Scottish Snowfalls | B11: =SUM('Voting Results'!G1:G140) -> 13
A12: ='Voting Results'!$K$1 -> Chacka - Diving with a Diva | B12: =SUM('Voting Results'!K1:K137) -> 13
A13: ='Voting Results'!$T$1 -> Gorgorgathgorgorgor - Krampusnacht mix 2 | B13: =SUM('Voting Results'!T1:T129) -> 11
A14: ='Voting Results'!$J$1 -> Chacka - After the War | B14: =SUM('Voting Results'!J1:J140) -> 9
A15: ='Voting Results'!$Q$1 -> Flumba- Distant Galaxy Checkpoint Race | B15: =SUM('Voting Results'!Q1:Q134) -> 8
A16: ='Voting Results'!$AA$1 -> Nimrod - Unconditional Feeling | B16: =SUM('Voting Results'!AA1:AA125) -> 8
A17: ='Voting Results'!$AG$1 -> Yeager - Insert Coin | B17: =SUM('Voting Results'!N1:N139) -> 7
A18: ='Voting Results'!$N$1 -> Ebow - A divas Winter Daydream | B18: =SUM('Voting Results'!AG1:AG121) -> 7
A19: ='Voting Results'!$AB$1 -> Orville - Resonant Sea | B19: =SUM('Voting Results'!W1:W132) -> 6
A20: ='Voting Results'!$W$1 -> JoeCat - Diva Rides Alone | B20: =SUM('Voting Results'!AB1:AB128) -> 6
A21: ='Voting Results'!$X$1 -> Key88-BeepBeep.mp3 | B21: =SUM('Voting Results'!X1:X133) -> 4
A22: ='Voting Results'!$R$1 -> Galastra - APZX | B22: =SUM('Voting Results'!L1:L146) -> 3
A23: ='Voting Results'!$L$1 -> Dave Dove - Auld Lang Syne | B23: =SUM('Voting Results'!R1:R141) -> 3
A24: ='Voting Results'!$P$1 -> FarleyCZ - New Girl in the Hood | B24: =SUM('Voting Results'!P1:P144) -> 2
A25: ='Voting Results'!$F$1 -> (DWS) Benaben - Find me Chase me Love me | B25: =SUM('Voting Results'!F1:F155) -> 1
A26: ='Voting Results'!$O$1 -> evo2slo - Then I Lost Onassis | B26: =SUM('Voting Results'!O1:O147) -> 1
A27: ='Voting Results'!$Z$1 -> Mawa - Morning Mood | B27: =SUM('Voting Results'!Z1:Z137) -> 1
A28: ='Voting Results'!$D$1 -> Alphuris - Devout | B28: =SUM('Voting Results'!D1:D160) -> 0
A29: ='Voting Results'!$E$1 -> Alphuris - Lilypads | B29: =SUM('Voting Results'!E1:E160) -> 0
A30: ='Voting Results'!$S$1 -> Gorgorgathgorgorgor - Krampusnacht | B30: =SUM('Voting Results'!S1:S147) -> 0
A31: ='Voting Results'!$AC$1 -> Pchor - Egyptian Winters | B31: =SUM('Voting Results'!AC1:AC138) -> 0
