Workbook

Sheet TOTAL SCORES
A1: ='Voting Results'!$AJ$1 -> ThePresent - Turn It On Again | B1: =SUM('Voting Results'!AJ1:AJ34) -> 131
A2: ='Voting Results'!$P$1 -> Jasinski - Robot Music | B2: =SUM('Voting Results'!P1:P34) -> 129
A3: ='Voting Results'!$F$1 -> Cactoos - You Are Dust | B3: =SUM('Voting Results'!F1:F34) -> 124
A4: ='Voting Results'!$M$1 -> Harthstein - Stoneforest Odyssey | B4: =SUM('Voting Results'!M1:M34) -> 122
A5: ='Voting Results'!$G$1 -> Caine123 - Kurayami | B5: =SUM('Voting Results'!G1:G34) -> 118
A6: ='Voting Results'!$AE$1 -> SatYatunes - Twilight | B6: =SUM('Voting Results'!AE1:AE34) -> 117
A7: ='Voting Results'!$AF$1 -> Shortmanb - Spectral Fall | B7: =SUM('Voting Results'!AF1:AF34) -> 116
A8: ='Voting Results'!$E$1 -> Bjporter - An Extremely Hypnotic And Repetitive Melodic Doodad | B8: =SUM('Voting Results'!E1:E38) -> 115
A9: ='Voting Results'!$O$1 -> J.Ruegg - Cloud-stral | B9: =SUM('Voting Results'!O1:O34) -> 115
A10: ='Voting Results'!$L$1 -> G-Roove - Spectraland | B10: =SUM('Voting Results'!L1:L34) -> 114
A11: ='Voting Results'!$AL$1 -> Yeager - Monotonous Variations | B11: =SUM('Voting Results'!X1:X34) -> 114
A12: ='Voting Results'!$X$1 -> Ontrackp - Spectral Time Zone | B12: =SUM('Voting Results'!AL1:AL34) -> 114
A13: ='Voting Results'!$AG$1 -> Skyzone - The Angel Trumps | B13: =SUM('Voting Results'!AG1:AG34) -> 110
A14: ='Voting Results'!$T$1 -> Loris DS - Walking Back Through Theime | B14: =SUM('Voting Results'!T1:T34) -> 107
A15: ='Voting Results'!$AA$1 -> Pedalsteeldrummer - Stay Classy | B15: =SUM('Voting Results'!AA1:AA34) -> 106
A16: ='Voting Results'!$J$1 -> Dzah - Spectralized Prototized | B16: =SUM('Voting Results'!J1:J41) -> 105
A17: ='Voting Results'!$U$1 -> Marks-a-Whybikky - Spectral Cookie | B17: =SUM('Voting Results'!U1:U34) -> 104
A18: ='Voting Results'!$AI$1 -> Thehejonsolo - Spectralcide | B18: =SUM('Voting Results'!N1:N39) -> 103
A19: ='Voting Results'!$N$1 -> H-man - G.O.M.B | B19: =SUM('Voting Results'!AI1:AI34) -> 103
A20: ='Voting Results'!$S$1 -> Lemmike - Spectrayear | B20: =SUM('Voting Results'!S1:S36) -> 101
A21: ='Voting Results'!$AH$1 -> Sonnydeluxe - High Noon. With Drones | B21: =SUM('Voting Results'!AH1:AH34) -> 101
A22: ='Voting Results'!$AB$1 -> Psmacmur - Danger Low Voltage | B22: =SUM('Voting Results'!AB1:AB34) -> 100
A23: ='Voting Results'!$AK$1 -> Xenox.AFL - FN-SPECT(R)AcuLar | B23: =SUM('Voting Results'!AC1:AC34) -> 100
A24: ='Voting Results'!$AC$1 -> Richard Semper - An Evening Cruise | B24: =SUM('Voting Results'!AK1:AK34) -> 100
A25: ='Voting Results'!$K$1 -> Eauson - Full Spectral Meltdown | B25: =SUM('Voting Results'!K1:K49) -> 97
A26: ='Voting Results'!$V$1 -> Nightpolymath - Spectrally Yours | B26: =SUM('Voting Results'!V1:V39) -> 96
A27: ='Voting Results'!$AD$1 -> Ricler - Mirror maze | B27: =SUM('Voting Results'!Q1:Q45) -> 93
A28: ='Voting Results'!$Q$1 -> JKF flashico - Dancing With The Elecrtonic Wolves | B28: =SUM('Voting Results'!AD1:AD34) -> 93
A29: ='Voting Results'!$I$1 -> ClaRago - Soft Spot | B29: =SUM('Voting Results'!I1:I55) -> 92
A30: ='Voting Results'!$H$1 -> Chilled panda - One Spectral Christmas | B30: =SUM('Voting Results'!H1:H57) -> 90
A31: ='Voting Results'!$W$1 -> Objectman - See | B31: =SUM('Voting Results'!W1:W43) -> 89
A32: ='Voting Results'!$Y$1 -> Oopfoo - Solstitial Twilight | B32: =SUM('Voting Results'!Y1:Y42) -> 88
A33: ='Voting Results'!$D$1 -> AboveThoughts - Relf Country Palas | B33: =SUM('Voting Results'!D1:D64) -> 85
A34: ='Voting Results'!$Z$1 -> Oorlab - Well Come | B34: =SUM('Voting Results'!Z1:Z43) -> 81
A35: ='Voting Results'!$R$1 -> Key88 - 201312Spectral | B35: =SUM('Voting Results'!R1:R52) -> 65

Sheet Voting Results
A1: Timestamp | B1: Voter Name (KVR nick) | D1: AboveThoughts - Relf Country Palas | E1: Bjporter - An Extremely Hypnotic And Repetitive Melodic Doodad | F1: Cactoos - You Are Dust | G1: Caine123 - Kurayami | H1: Chilled panda - One Spectral Christmas | I1: ClaRago - Soft Spot | J1: Dzah - Spectralized Prototized | K1: Eauson - Full Spectral Meltdown | L1: G-Roove - Spectraland | M1: Harthstein - Stoneforest Odyssey | N1: H-man - G.O.M.B | O1: J.Ruegg - Cloud-stral | P1: Jasinski - Robot Music | Q1: JKF flashico - Dancing With The Elecrtonic Wolves | R1: Key88 - 201312Spectral | S1: Lemmike - Spectrayear | T1: Loris DS - Walking Back Through Theime | U1: Marks-a-Whybikky - Spectral Cookie | V1: Nightpolymath - Spectrally Yours | W1: Objectman - See | X1: Ontrackp - Spectral Time Zone | Y1: Oopfoo - Solstitial Twilight | Z1: Oorlab - Well Come | AA1: Pedalsteeldrummer - Stay Classy | AB1: Psmacmur - Danger Low Voltage | AC1: Richard Semper - An Evening Cruise | AD1: Ricler - Mirror maze | AE1: SatYatunes - Twilight | AF1: Shortmanb - Spectral Fall | AG1: Skyzone - The Angel Trumps | AH1: Sonnydeluxe - High Noon. With Drones | AI1: Thehejonsolo - Spectralcide | AJ1: ThePresent - Turn It On Again | AK1: Xenox.AFL - FN-SPECT(R)AcuLar | AL1: Yeager - Monotonous Variations
A2: 41648.981 | B2: Xenox.AFL | D2: 1 | E2: 4 | F2: 1 | G2: 1 | H2: 1 | I2: 1 | J2: 1 | K2: 1 | L2: 1 | M2: 1 | N2: 1 | O2: 1 | P2: 5 | Q2: 1 | R2: 1 | S2: 1 | T2: 1 | U2: 1 | V2: 1 | W2: 1 | X2: 1 | Y2: 1 | Z2: 1 | AA2: 1 | AB2: 1 | AC2: 1 | AD2: 1 | AE2: 1 | AF2: 1 | AG2: 1 | AH2: 1 | AI2: 1 | AJ2: 1 | AK2: 1 | AL2: 3
A3: 41649.151 | B3: Nightpolymath | D3: 3 | E3: 4 | F3: 3 | G3: 3 | H3: 3 | I3: 4 | J3: 4 | K3: 3 | L3: 4 | M3: 3 | N3: 4 | O3: 3 | P3: 4 | Q3: 3 | R3: 3 | S3: 3 | T3: 3 | U3: 3 | V3: 1 | W3: 3 | X3: 4 | Y3: 3 | Z3: 3 | AA3: 3 | AB3: 3 | AC3: 3 | AD3: 3 | AE3: 3 | AF3: 4 | AG3: 3 | AH3: 3 | AI3: 4 | AJ3: 4 | AK3: 3 | AL3: 3
A4: 41649.184 | B4: satYatunes | D4: 2 | E4: 2 | F4: 4 | G4: 4 | H4: 2 | I4: 2 | J4: 4 | K4: 5 | L4: 5 | M4: 4 | N4: 4 | O4: 5 | P4: 4 | Q4: 3 | R4: 1 | S4: 4 | T4: 3 | U4: 4 | V4: 2 | W4: 2 | X4: 3 | Y4: 2 | Z4: 2 | AA4: 2 | AB4: 2 | AC4: 3 | AD4: 2 | AE4: 1 | AF4: 3 | AG4: 4 | AH4: 3 | AI4: 2 | AJ4: 2 | AK4: 4 | AL4: 3
A5: 41649.219 | B5: thejonsolo | D5: 4 | E5: 2 | F5: 2 | G5: 2 | H5: 1 | I5: 3 | J5: 3 | K5: 4 | L5: 5 | M5: 3 | N5: 4 | O5: 4 | P5: 4 | Q5: 3 | R5: 1 | S5: 4 | T5: 5 | U5: 3 | V5: 4 | W5: 2 | X5: 3 | Y5: 3 | Z5: 2 | AA5: 4 | AB5: 4 | AC5: 3 | AD5: 3 | AE5: 5 | AF5: 3 | AG5: 2 | AH5: 3 | AI5: 1 | AJ5: 4 | AK5: 5 | AL5: 3
A6: 41649.454 | B6: G-Roove | D6: 3 | E6: 3 | F6: 5 | G6: 3 | H6: 2 | I6: 2 | J6: 3 | K6: 2 | L6: 1 | M6: 4 | N6: 2 | O6: 3 | P6: 5 | Q6: 2 | R6: 1 | S6: 3 | T6: 4 | U6: 3 | V6: 2 | W6: 2 | X6: 3 | Y6: 1 | Z6: 2 | AA6: 4 | AB6: 2 | AC6: 3 | AD6: 2 | AE6: 3 | AF6: 4 | AG6: 3 | AH6: 2 | AI6: 3 | AJ6: 4 | AK6: 2 | AL6: 4
A7: 41649.573 | B7: ThePresent | D7: 3 | E7: 2 | F7: 3 | G7: 4 | H7: 1 | I7: 2 | J7: 2 | K7: 2 | L7: 3 | M7: 5 | N7: 3 | O7: 3 | P7: 3 | Q7: 2 | R7: 1 | S7: 2 | T7: 2 | U7: 3 | V7: 2 | W7: 1 | X7: 2 | Y7: 2 | Z7: 2 | AA7: 2 | AB7: 4 | AC7: 2 | AD7: 1 | AE7: 2 | AF7: 2 | AG7: 4 | AH7: 2 | AI7: 1 | AJ7: 1 | AK7: 3 | AL7: 2
A8: 41649.693 | B8: JKF Flashico | D8: 3 | E8: 4 | F8: 4 | G8: 5 | H8: 3 | I8: 4 | J8: 4 | K8: 3 | L8: 5 | M8: 5 | N8: 4 | O8: 4 | P8: 4 | Q8: 1 | R8: 2 | S8: 4 | T8: 3 | U8: 3 | V8: 4 | W8: 3 | X8: 4 | Y8: 3 | Z8: 3 | AA8: 4 | AB8: 4 | AC8: 4 | AD8: 4 | AE8: 5 | AF8: 4 | AG8: 4 | AH8: 4 | AI8: 4 | AJ8: 5 | AK8: 3 | AL8: 5
A9: 41649.752 | B9: shortmanb | D9: 1 | E9: 3 | F9: 4 | G9: 4 | H9: 4 | I9: 3 | J9: 3 | K9: 2 | L9: 3 | M9: 4 | N9: 3 | O9: 4 | P9: 4 | Q9: 3 | R9: 2 | S9: 3 | T9: 5 | U9: 3 | V9: 4 | W9: 3 | X9: 4 | Y9: 3 | Z9: 2 | AA9: 3 | AB9: 3 | AC9: 3 | AD9: 3 | AE9: 4 | AF9: 1 | AG9: 3 | AH9: 3 | AI9: 3 | AJ9: 3 | AK9: 3 | AL9: 4
A10: 41649.944 | B10: psmacmur | D10: 5 | E10: 5 | F10: 4 | G10: 4 | H10: 3 | I10: 2 | J10: 4 | K10: 3 | L10: 4 | M10: 5 | N10: 5 | O10: 4 | P10: 5 | Q10: 4 | R10: 2 | S10: 4 | T10: 4 | U10: 3 | V10: 3 | W10: 3 | X10: 4 | Y10: 2 | Z10: 3 | AA10: 5 | AB10: 1 | AC10: 5 | AD10: 4 | AE10: 4 | AF10: 4 | AG10: 3 | AH10: 5 | AI10: 5 | AJ10: 5 | AK10: 3 | AL10: 5
A11: 41650.448 | B11: Ricler | D11: 3 | E11: 4 | F11: 5 | G11: 4 | H11: 2 | I11: 1 | J11: 5 | K11: 2 | L11: 4 | M11: 1 | N11: 2 | O11: 4 | P11: 2 | Q11: 1 | R11: 3 | S11: 1 | T11: 3 | U11: 1 | V11: 3 | W11: 2 | X11: 3 | Y11: 4 | Z11: 1 | AA11: 1 | AB11: 2 | AC11: 3 | AD11: 1 | AE11: 4 | AF11: 1 | AG11: 1 | AH11: 2 | AI11: 1 | AJ11: 2 | AK11: 1 | AL11: 4
A12: 41650.605 | B12: richardsemper | D12: 1 | E12: 4 | F12: 5 | G12: 4 | H12: 4 | I12: 2 | J12: 4 | K12: 2 | L12: 4 | M12: 5 | N12: 2 | O12: 3 | P12: 1 | Q12: 4 | R12: 1 | S12: 3 | T12: 2 | U12: 1 | V12: 4 | W12: 3 | X12: 5 | Y12: 3 | Z12: 2 | AA12: 3 | AB12: 4 | AC12: 1 | AD12: 4 | AE12: 5 | AF12: 3 | AG12: 4 | AH12: 3 | AI12: 4 | AJ12: 5 | AK12: 2 | AL12: 3
A13: 41650.987 | B13: animehaus | D13: 3 | E13: 3 | F13: 2 | G13: 3 | H13: 3 | I13: 2 | J13: 4 | K13: 4 | L13: 4 | M13: 5 | N13: 3 | O13: 3 | P13: 3 | Q13: 3 | R13: 2 | S13: 1 | T13: 2 | U13: 2 | V13: 3 | W13: 2 | X13: 3 | Y13: 2 | Z13: 2 | AA13: 3 | AB13: 3 | AC13: 3 | AD13: 2 | AE13: 4 | AF13: 3 | AG13: 2 | AH13: 2 | AI13: 4 | AJ13: 3 | AK13: 3 | AL13: 4
... A34: 41655.316 | B34: Key88 | D34: 2 | E34: 3 | F34: 4 | G34: 3 | H34: 5 | I34: 4 | J34: 3 | K34: 2 | L34: 2 | M34: 3 | N34: 3 | O34: 3 | P34: 2 | Q34: 4 | R34: 1 | S34: 2 | T34: 4 | U34: 5 | V34: 2 | W34: 2 | X34: 4 | Y34: 2 | Z34: 1 | AA34: 1 | AB34: 2 | AC34: 3 | AD34: 4 | AE34: 2 | AF34: 4 | AG34: 4 | AH34: 5 | AI34: 3 | AJ34: 4 | AK34: 2 | AL34: 4

Sheet Statistics
A1: Voter Name | B1: Sum given | C1: Ones | D1: Twos | E1: Threes | F1: Fours | G1: Fives
A2: ='Voting Results'!B2 -> Xenox.AFL | B2: =SUM('Voting Results'!B2:XJ2) -> 44 | C2: =COUNTIF('Voting Results'!B2:XJ2, 1) -> 32 | D2: =COUNTIF('Voting Results'!B2:XJ2, 2) -> 0 | E2: =COUNTIF('Voting Results'!B2:XJ2, 3) -> 1 | F2: =COUNTIF('Voting Results'!B2:XJ2, 4) -> 1 | G2: =COUNTIF('Voting Results'!B2:XJ2, 5) -> 1
A3: ='Voting Results'!B3 -> Nightpolymath | B3: =SUM('Voting Results'!B3:XJ3) -> 113 | C3: =COUNTIF('Voting Results'!B3:XJ3, 1) -> 1 | D3: =COUNTIF('Voting Results'!B3:XJ3, 2) -> 0 | E3: =COUNTIF('Voting Results'!B3:XJ3, 3) -> 24 | F3: =COUNTIF('Voting Results'!B3:XJ3, 4) -> 10 | G3: =COUNTIF('Voting Results'!B3:XJ3, 5) -> 0
A4: ='Voting Results'!B4 -> satYatunes | B4: =SUM('Voting Results'!B4:XJ4) -> 104 | C4: =COUNTIF('Voting Results'!B4:XJ4, 1) -> 2 | D4: =COUNTIF('Voting Results'!B4:XJ4, 2) -> 13 | E4: =COUNTIF('Voting Results'!B4:XJ4, 3) -> 7 | F4: =COUNTIF('Voting Results'!B4:XJ4, 4) -> 10 | G4: =COUNTIF('Voting Results'!B4:XJ4, 5) -> 3
A5: ='Voting Results'!B5 -> thejonsolo | B5: =SUM('Voting Results'!B5:XJ5) -> 111 | C5: =COUNTIF('Voting Results'!B5:XJ5, 1) -> 3 | D5: =COUNTIF('Voting Results'!B5:XJ5, 2) -> 6 | E5: =COUNTIF('Voting Results'!B5:XJ5, 3) -> 12 | F5: =COUNTIF('Voting Results'!B5:XJ5, 4) -> 10 | G5: =COUNTIF('Voting Results'!B5:XJ5, 5) -> 4
A6: ='Voting Results'!B6 -> G-Roove | B6: =SUM('Voting Results'!B6:XJ6) -> 97 | C6: =COUNTIF('Voting Results'!B6:XJ6, 1) -> 3 | D6: =COUNTIF('Voting Results'!B6:XJ6, 2) -> 12 | E6: =COUNTIF('Voting Results'!B6:XJ6, 3) -> 12 | F6: =COUNTIF('Voting Results'!B6:XJ6, 4) -> 6 | G6: =COUNTIF('Voting Results'!B6:XJ6, 5) -> 2
A7: ='Voting Results'!B7 -> ThePresent | B7: =SUM('Voting Results'!B7:XJ7) -> 81 | C7: =COUNTIF('Voting Results'!B7:XJ7, 1) -> 6 | D7: =COUNTIF('Voting Results'!B7:XJ7, 2) -> 17 | E7: =COUNTIF('Voting Results'!B7:XJ7, 3) -> 8 | F7: =COUNTIF('Voting Results'!B7:XJ7, 4) -> 3 | G7: =COUNTIF('Voting Results'!B7:XJ7, 5) -> 1
A8: ='Voting Results'!B8 -> JKF Flashico | B8: =SUM('Voting Results'!B8:XJ8) -> 132 | C8: =COUNTIF('Voting Results'!B8:XJ8, 1) -> 1 | D8: =COUNTIF('Voting Results'!B8:XJ8, 2) -> 1 | E8: =COUNTIF('Voting Results'!B8:XJ8, 3) -> 9 | F8: =COUNTIF('Voting Results'!B8:XJ8, 4) -> 18 | G8: =COUNTIF('Voting Results'!B8:XJ8, 5) -> 6
A9: ='Voting Results'!B9 -> shortmanb | B9: =SUM('Voting Results'!B9:XJ9) -> 110 | C9: =COUNTIF('Voting Results'!B9:XJ9, 1) -> 2 | D9: =COUNTIF('Voting Results'!B9:XJ9, 2) -> 3 | E9: =COUNTIF('Voting Results'!B9:XJ9, 3) -> 19 | F9: =COUNTIF('Voting Results'!B9:XJ9, 4) -> 10 | G9: =COUNTIF('Voting Results'!B9:XJ9, 5) -> 1
A10: ='Voting Results'!B10 -> psmacmur | B10: =SUM('Voting Results'!B10:XJ10) -> 134 | C10: =COUNTIF('Voting Results'!B10:XJ10, 1) -> 1 | D10: =COUNTIF('Voting Results'!B10:XJ10, 2) -> 3 | E10: =COUNTIF('Voting Results'!B10:XJ10, 3) -> 8 | F10: =COUNTIF('Voting Results'!B10:XJ10, 4) -> 12 | G10: =COUNTIF('Voting Results'!B10:XJ10, 5) -> 11
A11: ='Voting Results'!B11 -> Ricler | B11: =SUM('Voting Results'!B11:XJ11) -> 84 | C11: =COUNTIF('Voting Results'!B11:XJ11, 1) -> 12 | D11: =COUNTIF('Voting Results'!B11:XJ11, 2) -> 8 | E11: =COUNTIF('Voting Results'!B11:XJ11, 3) -> 6 | F11: =COUNTIF('Voting Results'!B11:XJ11, 4) -> 7 | G11: =COUNTIF('Voting Results'!B11:XJ11, 5) -> 2
A12: ='Voting Results'!B12 -> richardsemper | B12: =SUM('Voting Results'!B12:XJ12) -> 110 | C12: =COUNTIF('Voting Results'!B12:XJ12, 1) -> 5 | D12: =COUNTIF('Voting Results'!B12:XJ12, 2) -> 6 | E12: =COUNTIF('Voting Results'!B12:XJ12, 3) -> 8 | F12: =COUNTIF('Voting Results'!B12:XJ12, 4) -> 11 | G12: =COUNTIF('Voting Results'!B12:XJ12, 5) -> 5
A13: ='Voting Results'!B13 -> animehaus | B13: =SUM('Voting Results'!B13:XJ13) -> 100 | C13: =COUNTIF('Voting Results'!B13:XJ13, 1) -> 1 | D13: =COUNTIF('Voting Results'!B13:XJ13, 2) -> 11 | E13: =COUNTIF('Voting Results'!B13:XJ13, 3) -> 16 | F13: =COUNTIF('Voting Results'!B13:XJ13, 4) -> 6 | G13: =COUNTIF('Voting Results'!B13:XJ13, 5) -> 1
... A34: ='Voting Results'!B34 -> Key88 | B34: =SUM('Voting Results'!B34:XJ34) -> 104 | C34: =COUNTIF('Voting Results'!B34:XJ34, 1) -> 3 | D34: =COUNTIF('Voting Results'!B34:XJ34, 2) -> 11 | E34: =COUNTIF('Voting Results'!B34:XJ34, 3) -> 8 | F34: =COUNTIF('Voting Results'!B34:XJ34, 4) -> 10 | G34: =COUNTIF('Voting Results'!B34:XJ34, 5) -> 3
