Workbook

Sheet Voting Results
A1: Timestamp | B1: Voter name (KVR nick) | C1: AutoStatic - The Speeding Train | D1: Bjporter - Stick em up, I got a Zyn Supersaw, now dance | E1: CapDan - Twelve o' clock | F1: Folderol – Into_The_Gates_Of_Arram_Koth | G1: fundamental - Stepping | H1: Gorgorgathgorgorgor - Steam | I1: jackoo - Wild Cat in Space | J1: Laklop - ZYN and the Art of Motorcycle Maintenance | K1: Mike777 - Restore A Planet To Life | L1: ParadoxUn - Zyncon | M1: RuediRena - Sandefur | N1: V'ger - Zynith | O1: Yeager - Too Little Too Late | P1: Zlouis - Tension
A2: 40634.655 | B2: RuediRena | F2: 4 | G2: 5 | J2: 2 | N2: 1 | P2: 3
A3: 40634.655 | B3: ParadoxUn | E3: 3 | F3: 2 | I3: 4 | K3: 5 | P3: 1
A4: 40634.677 | B4: peerjam | C4: 4 | D4: 2 | F4: 3 | K4: 5 | N4: 1
A5: 40634.981 | B5: folderol | I5: 2 | K5: 4 | M5: 1 | N5: 5 | O5: 3
A6: 40636.979 | B6: olikana | C6: 3 | D6: 1 | N6: 5 | O6: 4 | P6: 2
A7: 40638.005 | B7: laklop | C7: 3 | D7: 4 | H7: 2 | K7: 1 | L7: 5
A8: 40645.175 | B8: glokraw | D8: 4 | J8: 2 | K8: 1 | L8: 3 | N8: 5
A9: 40645.175 | B9: bjporter | H9: 1 | I9: 4 | N9: 5 | O9: 3 | P9: 2
A10: 40645.591 | B10: Zlouis | C10: 4 | D10: 2 | J10: 1 | N10: 5 | O10: 3
A11: 40645.977 | B11: V'ger | D11: 5 | F11: 4 | I11: 3 | K11: 1 | O11: 2
A12: 40646.919 | B12: Gorgorgathgorgorgor | G12: 1 | L12: 2 | N12: 5 | O12: 3 | P12: 4
A13: 40647.225 | B13: tattiemannie | E13: 1 | K13: 2 | N13: 3 | O13: 5 | P13: 4
A14: 40647.237 | B14: Yeager | I14: 2 | K14: 4 | L14: 3 | N14: 5 | P14: 1
A15: 40647.912 | B15: jackoo | D15: 2 | K15: 5 | N15: 4 | O15: 3 | P15: 1
A16: 40647.978 | B16: Talos | D16: 4 | J16: 1 | K16: 3 | L16: 2 | O16: 5
A17: 40648.543 | B17: IbiM | G17: 2 | I17: 1 | K17: 4 | O17: 3 | P17: 5
A18: 40648.544 | B18: Mike777 | C18: 2 | D18: 4 | F18: 1 | M18: 3 | N18: 5
A19: 40648.757 | B19: capdanX | D19: 1 | F19: 3 | I19: 2 | N19: 5 | P19: 4

Sheet TOTAL SCORES
A1: ='Voting Results'!$N$1 -> V'ger - Zynith | B1: =SUM('Voting Results'!N1:N106) -> 54
A2: ='Voting Results'!$K$1 -> Mike777 - Restore A Planet To Life | B2: =SUM('Voting Results'!K1:K110) -> 35
A3: ='Voting Results'!$O$1 -> Yeager - Too Little Too Late | B3: =SUM('Voting Results'!O1:O107) -> 34
A4: ='Voting Results'!$D$1 -> Bjporter - Stick em up, I got a Zyn Supersaw, now dance | B4: =SUM('Voting Results'!D1:D119) -> 29
A5: ='Voting Results'!$P$1 -> Zlouis - Tension | B5: =SUM('Voting Results'!P1:P108) -> 27
A6: ='Voting Results'!$I$1 -> jackoo - Wild Cat in Space | B6: =SUM('Voting Results'!I1:I116) -> 18
A7: ='Voting Results'!$F$1 -> Folderol – Into_The_Gates_Of_Arram_Koth | B7: =SUM('Voting Results'!F1:F120) -> 17
A8: ='Voting Results'!$C$1 -> AutoStatic - The Speeding Train | B8: =SUM('Voting Results'!C1:C124) -> 16
A9: ='Voting Results'!$L$1 -> ParadoxUn - Zyncon | B9: =SUM('Voting Results'!L1:L116) -> 15
A10: ='Voting Results'!$G$1 -> fundamental - Stepping | B10: =SUM('Voting Results'!G1:G122) -> 8
A11: ='Voting Results'!$J$1 -> Laklop - ZYN and the Art of Motorcycle Maintenance | B11: =SUM('Voting Results'!J1:J120) -> 6
A12: ='Voting Results'!$E$1 -> CapDan - Twelve o' clock | B12: =SUM('Voting Results'!E1:E126) -> 4
A13: ='Voting Results'!$M$1 -> RuediRena - Sandefur | B13: =SUM('Voting Results'!M1:M119) -> 4
A14: ='Voting Results'!$H$1 -> Gorgorgathgorgorgor - Steam | B14: =SUM('Voting Results'!H1:H125) -> 3
