Workbook

Sheet Voting Results
A1: Timestamp | B1: Voter name (KVR nick) | C1: Air_MA – Simon | D1: All Stars Burn Out By Now – MadPsyance | E1: Almost What I Wanted - OSCXVIII - Yeager | F1: Bells - Satyatunes | G1: Dream Sequence - gravejester | H1: Lazy Summer - batgab | I1: Mutation – mrblitz000 | J1: Night vibes - The Beatsoul | K1: Soha- Sogood - tattiemannie | L1: Soha Sonata - HiEnergy | M1: Unpleasant listening - Cubensick
A2: 40400.455 | B2: van morrison | D2: 3 | E2: 5 | F2: 5 | G2: 3 | H2: 3 | K2: 5
A3: 40401.175 | B3: Mac of BIOnighT | C3: 5 | E3: 5 | G3: 3 | H3: 4 | I3: 4 | M3: 3
A4: 40401.326 | B4: satyatunes | D4: 4 | E4: 3 | G4: 3 | H4: 4 | L4: 4 | M4: 6
A5: 40408.687 | B5: mrblitz000 | H5: 6 | J5: 6 | K5: 6 | M5: 6
A6: 40408.688 | B6: olikana | C6: 1 | E6: 6 | F6: 3 | H6: 2 | K6: 4 | M6: 8
A7: 40410.008 | B7: V'ger | E7: 6 | F7: 3 | G7: 2 | I7: 4 | L7: 1 | M7: 8
A8: 40414.732 | B8: Hakey | C8: 5 | E8: 7 | H8: 3 | I8: 2 | M8: 7
A9: 40418.978 | B9: Yeager | F9: 1 | G9: 2 | H9: 3 | I9: 6 | K9: 6 | M9: 6
A10: 40419.097 | B10: tattiemannie | D10: 2 | E10: 4 | H10: 4 | I10: 5 | L10: 2 | M10: 7
A11: 40419.125 | B11: batgab | C11: 6 | G11: 4 | I11: 5 | J11: 2 | K11: 7
A12: 40419.464 | B12: DramaNoMore | E12: 5 | F12: 4 | G12: 3 | I12: 4 | K12: 3 | M12: 5
A13: 40419.563 | B13: Cubensick | C13: 5 | E13: 6 | G13: 3 | I13: 4 | K13: 2 | L13: 2
A14: 40419.611 | B14: HiEnergy | C14: 3 | E14: 5 | G14: 4 | I14: 3 | K14: 4 | M14: 5
A15: 40419.641 | B15: gravejester | C15: 5 | E15: 6 | H15: 3 | I15: 4 | L15: 2 | M15: 4
A16: 40419.676 | B16: uiiuiiu | E16: 5 | I16: 3 | K16: 6 | M16: 10
A17: 40419.677 | B17: Steplton | C17: 6 | E17: 2 | G17: 4 | I17: 2 | K17: 1 | M17: 9
A18: 40420.231 | B18: MA-Simon | E18: 6 | G18: 2 | H18: 2 | I18: 5 | K18: 4 | M18: 5

Sheet TOTAL SCORES
A1: Pos | B1: Entry | C1: Total Score
A2: 1 | B2: ='Voting Results'!$M$1 -> Unpleasant listening - Cubensick | C2: =SUM('Voting Results'!M2:M73) -> 89
A3: 2 | B3: ='Voting Results'!$E$1 -> Almost What I Wanted - OSCXVIII - Yeager | C3: =SUM('Voting Results'!E2:E73) -> 71
A4: 3 | B4: ='Voting Results'!$I$1 -> Mutation – mrblitz000 | C4: =SUM('Voting Results'!I2:I73) -> 51
A5: 4 | B5: ='Voting Results'!$K$1 -> Soha- Sogood - tattiemannie | C5: =SUM('Voting Results'!K2:K73) -> 48
A6: 5 | B6: ='Voting Results'!$C$1 -> Air_MA – Simon | C6: =SUM('Voting Results'!C2:C73) -> 36
A7: 6 | B7: ='Voting Results'!$H$1 -> Lazy Summer - batgab | C7: =SUM('Voting Results'!H2:H73) -> 34
A8: 7 | B8: ='Voting Results'!$G$1 -> Dream Sequence - gravejester | C8: =SUM('Voting Results'!G2:G73) -> 33
A9: 8 | B9: ='Voting Results'!$F$1 -> Bells - Satyatunes | C9: =SUM('Voting Results'!F2:F73) -> 16
A10: 9 | B10: ='Voting Results'!$L$1 -> Soha Sonata - HiEnergy | C10: =SUM('Voting Results'!L2:L73) -> 11
A11: 10 | B11: ='Voting Results'!$D$1 -> All Stars Burn Out By Now – MadPsyance | C11: =SUM('Voting Results'!D2:D73) -> 9
A12: 11 | B12: ='Voting Results'!$J$1 -> Night vibes - The Beatsoul | C12: =SUM('Voting Results'!J2:J73) -> 8
