Workbook

Sheet Voting Results
A1: Timestamp | B1: Voter name (KVR nick) | C1: Acronym - Perspectives | D1: Alphuris - Feelin Good | E1: Alvfaria - Little Red Devil | F1: Alvfaria - Reliable Charlatan | G1: Andjac1963 - Charlotte Anne | H1: Ataraxis - She's Only Gonna Tear You Up | I1: Bjulin - Peace | J1: Bzur - Dnbnc | K1: Doc Jon - Smoothie Charlie | L1: Enzor - Charlatan In The Rain | M1: Evo2slo - Aluminum Lemon | N1: Gorgorgathgorgorgor - Do The Shamble | O1: Iriondaronin - Surrounded By Light | P1: Kalee - Bystander | Q1: Key88 - Halloweeniefunk | R1: Qauoar - Side Tracked | S1: Ruedirena - Global Pitch | T1: Sjmmusic - The Boat | U1: Thrax - Broken Silence | V1: Thrax - Halloween Storm | W1: Yeager - True Colours | X1: Z.Prime - Into The Line | Y1: Half Ninja - 1 Day 1 Synth | Z1: Bjporter - Final Report - Exhibit 24.2b - Diver #2's Helmet Recording
A2: 40848.976 | B2: SJMmusic | I2: 3 | K2: 5 | O2: 2 | P2: 1 | X2: 4
A3: 40848.976 | B3: Bzur | K3: 3 | M3: 1 | O3: 4 | T3: 2 | U3: 5
A4: 40849.535 | B4: IrionDaRonin | I4: 4 | T4: 1 | W4: 2 | X4: 5 | Z4: 3
A5: 40849.542 | B5: Bjulin | J5: 2 | K5: 1 | O5: 4 | T5: 3 | X5: 5
A6: 40849.596 | B6: gigue07 | J6: 3 | K6: 4 | O6: 1 | T6: 2 | X6: 5
A7: 40849.907 | B7: alvfaria | I7: 4 | L7: 2 | M7: 5 | V7: 1 | Z7: 3
A8: 40850.549 | B8: AtaRaxis | I8: 5 | J8: 4 | O8: 2 | X8: 3 | Z8: 1
A9: 40850.55 | B9: Thrax | I9: 5 | K9: 3 | M9: 1 | T9: 2 | X9: 4
A10: 40852.034 | B10: gorgorgathgorgorgor | I10: 2 | J10: 4 | O10: 1 | S10: 3 | X10: 5
A11: 40852.581 | B11: Kalee | I11: 1 | M11: 2 | O11: 4 | S11: 5 | X11: 3
A12: 40853.995 | B12: evo2slo | K12: 2 | O12: 3 | S12: 5 | U12: 4 | X12: 1
A13: 40853.995 | B13: Doc Jon | I13: 4 | J13: 5 | O13: 2 | S13: 3 | T13: 1
A14: 40855.059 | B14: z.prime | I14: 3 | N14: 1 | O14: 4 | P14: 5 | Y14: 2
A15: 40858.766 | B15: Moe Shinola | I15: 3 | N15: 4 | O15: 2 | W15: 5 | Z15: 1
A16: 40860.79 | B16: RuediRena | J16: 1 | K16: 5 | O16: 4 | X16: 2 | Z16: 3
A17: 40861.796 | B17: Quaoar | E17: 2 | I17: 4 | O17: 3 | T17: 1 | U17: 5
A18: 40861.796 | B18: Yeager | J18: 5 | K18: 4 | O18: 3 | P18: 2 | X18: 1
A19: 40861.798 | B19: Acronym | K19: 5 | M19: 2 | O19: 4 | S19: 1 | W19: 3
B20: coincidental | I20: 5 | L20: 2 | T20: 3 | W20: 4 | Z20: 1
A21: 40863 | B21: V'ger | J21: 2 | O21: 3 | S21: 4 | U21: 1 | W21: 5
A22: 40863.59 | B22: key88 | C22: 3 | D22: 4 | J22: 5 | P22: 1 | W22: 2
A23: 40863.591 | B23: bjporter | C23: 2 | I23: 3 | O23: 1 | W23: 4 | Y23: 5
A24: 40863.591 | B24: Mike777 | I24: 3 | J24: 2 | L24: 4 | O24: 5 | U24: 1

Sheet TOTAL SCORES
A1: ='Voting Results'!$O$1 -> Iriondaronin - Surrounded By Light | B1: =SUM('Voting Results'!O1:O110) -> 52
A2: ='Voting Results'!$I$1 -> Bjulin - Peace | B2: =SUM('Voting Results'!I1:I117) -> 49
A3: ='Voting Results'!$X$1 -> Z.Prime - Into The Line | B3: =SUM('Voting Results'!X1:X103) -> 38
A4: ='Voting Results'!$J$1 -> Bzur - Dnbnc | B4: =SUM('Voting Results'!J1:J118) -> 33
A5: ='Voting Results'!$K$1 -> Doc Jon - Smoothie Charlie | B5: =SUM('Voting Results'!K1:K118) -> 32
A6: ='Voting Results'!$W$1 -> Yeager - True Colours | B6: =SUM('Voting Results'!W1:W107) -> 25
A7: ='Voting Results'!$S$1 -> Ruedirena - Global Pitch | B7: =SUM('Voting Results'!S1:S112) -> 21
A8: ='Voting Results'!$U$1 -> Thrax - Broken Silence | B8: =SUM('Voting Results'!U1:U111) -> 16
A9: ='Voting Results'!$T$1 -> Sjmmusic - The Boat | B9: =SUM('Voting Results'!T1:T113) -> 15
A10: ='Voting Results'!$Z$1 -> Bjporter - Final Report - Exhibit 24.2b - Diver #2's Helmet Recording | B10: =SUM('Voting Results'!Z1:Z108) -> 12
A11: ='Voting Results'!$M$1 -> Evo2slo - Aluminum Lemon | B11: =SUM('Voting Results'!M1:M122) -> 11
A12: ='Voting Results'!$P$1 -> Kalee - Bystander | B12: =SUM('Voting Results'!P1:P120) -> 9
A13: ='Voting Results'!$L$1 -> Enzor - Charlatan In The Rain | B13: =SUM('Voting Results'!L1:L125) -> 8
A14: ='Voting Results'!$Y$1 -> Half Ninja - 1 Day 1 Synth | B14: =SUM('Voting Results'!Y1:Y113) -> 7
A15: ='Voting Results'!$N$1 -> Gorgorgathgorgorgor - Do The Shamble | B15: =SUM('Voting Results'!C1:C136) -> 5
A16: ='Voting Results'!$C$1 -> Acronym - Perspectives | B16: =SUM('Voting Results'!N1:N126) -> 5
A17: ='Voting Results'!$D$1 -> Alphuris - Feelin Good | B17: =SUM('Voting Results'!D1:D137) -> 4
A18: ='Voting Results'!$E$1 -> Alvfaria - Little Red Devil | B18: =SUM('Voting Results'!E1:E137) -> 2
A19: ='Voting Results'!$V$1 -> Thrax - Halloween Storm | B19: =SUM('Voting Results'!V1:V121) -> 1
A20: ='Voting Results'!$F$1 -> Alvfaria - Reliable Charlatan | B20: =SUM('Voting Results'!F1:F138) -> 0
A21: ='Voting Results'!$G$1 -> Andjac1963 - Charlotte Anne | B21: =SUM('Voting Results'!G1:G138) -> 0
A22: ='Voting Results'!$H$1 -> Ataraxis - She's Only Gonna Tear You Up | B22: =SUM('Voting Results'!H1:H138) -> 0
A23: ='Voting Results'!$Q$1 -> Key88 - Halloweeniefunk | B23: =SUM('Voting Results'!Q1:Q130) -> 0
A24: ='Voting Results'!$R$1 -> Qauoar - Side Tracked | B24: =SUM('Voting Results'!R1:R130) -> 0
