Workbook

Sheet Results
B1: Name | C1: Score | E1: Synth | F1: Synth
A2: 1 | B2: Rellik - Out Here Again | C2: 222 | D2: pts | E2: Rellik | F2: =VLOOKUP(E2,'Synths Used'!A:B,2, FALSE) -> FM8
A3: 2 | B3: mmGhost - Kronos | C3: 216 | D3: pts | E3: mmGhost | F3: =VLOOKUP(E3,'Synths Used'!A:B,2, FALSE) -> Serum
A4: 3 | B4: CS_TBL - The Sea the Siren and the Whale | C4: 207 | D4: pts | E4: CS_TBL | F4: =VLOOKUP(E4,'Synths Used'!A:B,2, FALSE) -> FM8
A5: 4 | B5: loris16148 - Off World Colonies | C5: 205 | D5: pts | E5: loris16148 | F5: =VLOOKUP(E5,'Synths Used'!A:B,2, FALSE) -> Dune 3
A6: 5 | B6: schiing - Flamingo Kid and the Movie Box | C6: 203 | D6: pts | E6: schiing | F6: =VLOOKUP(E6,'Synths Used'!A:B,2, FALSE) -> Yava 4
A7: 6 | B7: photonic - Moonrise | C7: 200 | D7: pts | E7: photonic | F7: =VLOOKUP(E7,'Synths Used'!A:B,2, FALSE) -> Zebra 2
A8: 7 | B8: generaldiomedes - Showdown | C8: 194 | D8: pts | E8: generaldiomedes | F8: =VLOOKUP(E8,'Synths Used'!A:B,2, FALSE) -> Zebra HZ
A9: 8 | B9: exponent1 - Duality | C9: 190 | D9: pts | E9: exponent1 | F9: =VLOOKUP(E9,'Synths Used'!A:B,2, FALSE) -> Synthmaster One
A10: 9 | B10: ThePresent - The Curious Trio - Discovery Of The Cave | C10: 188 | D10: pts | E10: ThePresent | F10: =VLOOKUP(E10,'Synths Used'!A:B,2, FALSE) -> Bazille
A11: 10 | B11: Full Bucket - Dark Drums | C11: 188 | D11: pts | E11: Full Bucket | F11: =VLOOKUP(E11,'Synths Used'!A:B,2, FALSE) -> Stigma
A12: 11 | B12: doctorbob - LindyHoppers | C12: 187 | D12: pts | E12: doctorbob | F12: =VLOOKUP(E12,'Synths Used'!A:B,2, FALSE) -> Synth1
A13: 12 | B13: TheNeverScene - Sand In The Cracks | C13: 187 | D13: pts | E13: TheNeverScene | F13: =VLOOKUP(E13,'Synths Used'!A:B,2, FALSE) -> Dune 3
... A48: 47 | B48: ilmai - Ragtime Robot | C48: 125 | D48: pts | E48: ilmai | F48: =VLOOKUP(E48,'Synths Used'!A:B,2, FALSE) -> Analog Four MkII
E49: tomx2188 | F49: Podium

Sheet Data
A1: Voter Name (KVR nick) | B1: 574x - Blaze Your Own Trail | C1: AlienXXX - My Friend Thor | D1: baalisoda - Intimacy | E1: besh - lala | F1: bh9090 - mar2019 | G1: bsp804 - VeeSeeVSTRack Demo | H1: Charles LB - Hats Off Chris | I1: Comrade - Add Life | J1: CS_TBL - The Sea the Siren and the Whale | K1: d34dmeat - OneSun | L1: Danilo Villanova - Late Than Never | M1: Darksynth FX - Under The Sun | N1: DawCrash - Aurora Borealis | O1: doctorbob - LindyHoppers | P1: Eauson - Anysynth OSC121 | Q1: eraze the borders - Rusty Orchestra | R1: exponent1 - Duality | S1: Full Bucket - Dark Drums | T1: functionform - Raga For A Shooting Star | U1: generaldiomedes - Showdown | V1: Guenon - Aura (Berlin 1974 session excerpt four) | W1: h.s.j.e. - Cold Front Cloudbreak | X1: ilmai - Ragtime Robot | Y1: Jazzaria - Dr. Jekyll and Mr. Hyde | Z1: kikedesanto - I Can Hold You One More | AA1: liqih - Outsider Dub | AB1: loris16148 - Off World Colonies | AC1: mclstr - Bazille Polka | AD1: mmGhost - Kronos | AE1: mostlyjustj - 17 Dune Panorama | AF1: MrKarolus - Nightmare City | AG1: ontrackp - Zebra Blues In Em | AH1: photonic - Moonrise | AI1: Quaoar - In Transition | AJ1: Ranoka - Thanks For Asking | AK1: Rellik - Out Here Again | AL1: RichardSemper - Unfinished | AM1: rockingricky - Prologue | AN1: schiing - Flamingo Kid and the Movie Box | AO1: Scrubbing Monkeys - Juro Timbre | AP1: simanus - Hindrance | AQ1: TheNeverScene - Sand In The Cracks | AR1: ThePresent - The Curious Trio - Discovery Of The Cave | AS1: tomx2188 - Nexus | AT1: TrojakEW - Investigation | AU1: VCA-089 - Starry Ocean | AV1: zarf - funky birthday | AW1: Gen. Score
A2: 574X | B2: 1 | C2: 3 | D2: 4 | E2: 5 | F2: 4 | G2: 4 | H2: 5 | I2: 4 | J2: 5 | K2: 4 | L2: 5 | M2: 5 | N2: 4 | O2: 5 | P2: 4 | Q2: 4 | R2: 5 | S2: 5 | T2: 5 | U2: 5 | V2: 4 | W2: 5 | X2: 4 | Y2: 5 | Z2: 4 | AA2: 4 | AB2: 5 | AC2: 4 | AD2: 4 | AE2: 4 | AF2: 5 | AG2: 4 | AH2: 5 | AI2: 4 | AJ2: 5 | AK2: 5 | AL2: 4 | AM2: 4 | AN2: 5 | AO2: 4 | AP2: 5 | AQ2: 5 | AR2: 5 | AS2: 5 | AT2: 4 | AU2: 5 | AV2: 5 | AW2: =SUM(B2:AV2) -> 208 | AX2: =(AW2-$C$60)/$C$60 -> 0.30549507
A3: AlienXXX | B3: 3 | C3: 1 | D3: 3 | E3: 4 | F3: 3 | G3: 4 | H3: 2 | I3: 4 | J3: 5 | K3: 5 | L3: 4 | M3: 4 | N3: 4 | O3: 2 | P3: 1 | Q3: 2 | R3: 5 | S3: 4 | T3: 4 | U3: 5 | V3: 3 | W3: 4 | X3: 3 | Y3: 3 | Z3: 2 | AA3: 1 | AB3: 5 | AC3: 2 | AD3: 5 | AE3: 5 | AF3: 5 | AG3: 3 | AH3: 4 | AI3: 3 | AJ3: 2 | AK3: 2 | AL3: 5 | AM3: 4 | AN3: 4 | AO3: 4 | AP3: 5 | AQ3: 4 | AR3: 5 | AS3: 5 | AT3: 3 | AU3: 5 | AV3: 2 | AW3: =SUM(B3:AV3) -> 167 | AX3: =(AW3-$C$60)/$C$60 -> 0.048161906
A4: baalisoda | B4: 3 | C4: 3 | D4: 1 | E4: 4 | F4: 3 | G4: 3 | H4: 3 | I4: 3 | J4: 4 | K4: 3 | L4: 3 | M4: 3 | N4: 3 | O4: 3 | P4: 3 | Q4: 3 | R4: 3 | S4: 4 | T4: 3 | U4: 4 | V4: 3 | W4: 3 | X4: 3 | Y4: 3 | Z4: 3 | AA4: 3 | AB4: 4 | AC4: 3 | AD4: 3 | AE4: 3 | AF4: 4 | AG4: 3 | AH4: 4 | AI4: 3 | AJ4: 3 | AK4: 4 | AL4: 3 | AM4: 3 | AN4: 5 | AO4: 4 | AP4: 3 | AQ4: 3 | AR4: 5 | AS4: 3 | AT4: 3 | AU4: 4 | AV4: 3 | AW4: =SUM(B4:AV4) -> 153 | AX4: =(AW4-$C$60)/$C$60 -> -0.039707954
A5: bh9090 | B5: 3 | C5: 3 | D5: 3 | E5: 3 | F5: 1 | G5: 4 | H5: 3 | I5: 4 | J5: 3 | K5: 3 | L5: 3 | M5: 4 | N5: 4 | O5: 4 | P5: 5 | Q5: 4 | R5: 4 | S5: 4 | T5: 3 | U5: 3 | V5: 4 | W5: 4 | X5: 3 | Y5: 3 | Z5: 4 | AA5: 3 | AB5: 4 | AC5: 4 | AD5: 5 | AE5: 4 | AF5: 4 | AG5: 3 | AH5: 4 | AI5: 3 | AJ5: 4 | AK5: 5 | AL5: 2 | AM5: 3 | AN5: 4 | AO5: 3 | AP5: 4 | AQ5: 3 | AR5: 4 | AS5: 3 | AT5: 4 | AU5: 3 | AV5: 4 | AW5: =SUM(B5:AV5) -> 166 | AX5: =(AW5-$C$60)/$C$60 -> 0.041885487
A6: Charles LB | B6: 2 | C6: 3 | D6: 3 | E6: 2 | F6: 3 | G6: 2 | H6: 1 | I6: 3 | J6: 4 | K6: 1 | L6: 2 | M6: 1 | N6: 2 | O6: 4 | P6: 1 | Q6: 1 | R6: 3 | S6: 1 | T6: 1 | U6: 3 | V6: 5 | W6: 3 | X6: 3 | Y6: 5 | Z6: 5 | AA6: 1 | AB6: 4 | AC6: 1 | AD6: 5 | AE6: 2 | AF6: 3 | AG6: 2 | AH6: 5 | AI6: 1 | AJ6: 1 | AK6: 5 | AL6: 1 | AM6: 2 | AN6: 4 | AO6: 3 | AP6: 2 | AQ6: 5 | AR6: 3 | AS6: 2 | AT6: 4 | AU6: 4 | AV6: 3 | AW6: =SUM(B6:AV6) -> 127 | AX6: =(AW6-$C$60)/$C$60 -> -0.20289484
A7: Comrade | B7: 3 | C7: 3 | D7: 3 | E7: 3 | F7: 3 | G7: 3 | H7: 3 | I7: 1 | J7: 4 | K7: 3 | L7: 3 | M7: 3 | N7: 3 | O7: 4 | P7: 3 | Q7: 3 | R7: 3 | S7: 3 | T7: 3 | U7: 4 | V7: 3 | W7: 3 | X7: 3 | Y7: 3 | Z7: 3 | AA7: 3 | AB7: 4 | AC7: 3 | AD7: 4 | AE7: 3 | AF7: 3 | AG7: 3 | AH7: 3 | AI7: 3 | AJ7: 3 | AK7: 5 | AL7: 3 | AM7: 3 | AN7: 3 | AO7: 3 | AP7: 3 | AQ7: 3 | AR7: 3 | AS7: 3 | AT7: 4 | AU7: 3 | AV7: 4 | AW7: =SUM(B7:AV7) -> 148 | AX7: =(AW7-$C$60)/$C$60 -> -0.071090047
A8: CS_TBL | B8: 2 | C8: 1 | D8: 2 | E8: 1 | F8: 2 | G8: 1 | H8: 1 | I8: 2 | J8: 1 | K8: 1 | L8: 2 | M8: 2 | N8: 2 | O8: 3 | P8: 1 | Q8: 1 | R8: 2 | S8: 2 | T8: 2 | U8: 3 | V8: 2 | W8: 1 | X8: 1 | Y8: 1 | Z8: 1 | AA8: 1 | AB8: 3 | AC8: 1 | AD8: 3 | AE8: 2 | AF8: 3 | AG8: 2 | AH8: 3 | AI8: 1 | AJ8: 2 | AK8: 5 | AL8: 2 | AM8: 1 | AN8: 4 | AO8: 1 | AP8: 1 | AQ8: 3 | AR8: 2 | AS8: 2 | AT8: 2 | AU8: 3 | AV8: 3 | AW8: =SUM(B8:AV8) -> 90 | AX8: =(AW8-$C$60)/$C$60 -> -0.43512233
A9: d34dmeat | B9: 4 | C9: 3 | D9: 4 | E9: 3 | F9: 5 | G9: 5 | H9: 3 | I9: 4 | J9: 5 | K9: 1 | L9: 5 | M9: 4 | N9: 3 | O9: 4 | P9: 4 | Q9: 4 | R9: 5 | S9: 5 | T9: 4 | U9: 5 | V9: 3 | W9: 3 | X9: 4 | Y9: 3 | Z9: 4 | AA9: 3 | AB9: 4 | AC9: 3 | AD9: 5 | AE9: 4 | AF9: 5 | AG9: 4 | AH9: 4 | AI9: 3 | AJ9: 3 | AK9: 5 | AL9: 4 | AM9: 5 | AN9: 5 | AO9: 4 | AP9: 5 | AQ9: 5 | AR9: 4 | AS9: 5 | AT9: 4 | AU9: 3 | AV9: 4 | AW9: =SUM(B9:AV9) -> 188 | AX9: =(AW9-$C$60)/$C$60 -> 0.1799667
A10: Danilo Villanova | B10: 4 | C10: 3 | D10: 2 | E10: 2 | F10: 4 | G10: 5 | H10: 3 | I10: 4 | J10: 5 | K10: 3 | L10: 1 | M10: 2 | N10: 3 | O10: 4 | P10: 3 | Q10: 3 | R10: 5 | S10: 5 | T10: 5 | U10: 4 | V10: 5 | W10: 3 | X10: 2 | Y10: 2 | Z10: 4 | AA10: 2 | AB10: 5 | AC10: 3 | AD10: 5 | AE10: 3 | AF10: 5 | AG10: 3 | AH10: 5 | AI10: 3 | AJ10: 3 | AK10: 5 | AL10: 3 | AM10: 4 | AN10: 4 | AO10: 2 | AP10: 4 | AQ10: 3 | AR10: 5 | AS10: 5 | AT10: 3 | AU10: 3 | AV10: 3 | AW10: =SUM(B10:AV10) -> 167 | AX10: =(AW10-$C$60)/$C$60 -> 0.048161906
A11: Darksynth FX | B11: 4 | C11: 3 | D11: 4 | E11: 3 | F11: 3 | G11: 3 | H11: 3 | I11: 4 | J11: 3 | K11: 3 | L11: 3 | M11: 1 | N11: 3 | O11: 4 | P11: 3 | Q11: 3 | R11: 4 | S11: 4 | T11: 4 | U11: 3 | V11: 3 | W11: 3 | X11: 3 | Y11: 3 | Z11: 3 | AA11: 3 | AB11: 3 | AC11: 3 | AD11: 4 | AE11: 3 | AF11: 4 | AG11: 3 | AH11: 5 | AI11: 3 | AJ11: 3 | AK11: 3 | AL11: 3 | AM11: 3 | AN11: 5 | AO11: 3 | AP11: 4 | AQ11: 3 | AR11: 3 | AS11: 4 | AT11: 3 | AU11: 3 | AV11: 3 | AW11: =SUM(B11:AV11) -> 154 | AX11: =(AW11-$C$60)/$C$60 -> -0.033431536
A12: DawCrash | B12: 4 | C12: 4 | D12: 3 | E12: 4 | F12: 4 | G12: 3 | H12: 3 | I12: 4 | J12: 5 | K12: 3 | L12: 3 | M12: 3 | N12: 1 | O12: 4 | P12: 4 | Q12: 3 | R12: 4 | S12: 5 | T12: 4 | U12: 4 | V12: 4 | W12: 3 | X12: 3 | Y12: 5 | Z12: 3 | AA12: 3 | AB12: 4 | AC12: 4 | AD12: 5 | AE12: 3 | AF12: 3 | AG12: 5 | AH12: 5 | AI12: 3 | AJ12: 4 | AK12: 4 | AL12: 4 | AM12: 3 | AN12: 3 | AO12: 3 | AP12: 4 | AQ12: 4 | AR12: 5 | AS12: 4 | AT12: 4 | AU12: 5 | AV12: 4 | AW12: =SUM(B12:AV12) -> 176 | AX12: =(AW12-$C$60)/$C$60 -> 0.10464967
A13: doctorbob | B13: 3 | C13: 3 | D13: 3 | E13: 2 | F13: 3 | G13: 3 | H13: 2 | I13: 4 | J13: 5 | K13: 2 | L13: 2 | M13: 3 | N13: 3 | O13: 1 | P13: 3 | Q13: 3 | R13: 3 | S13: 3 | T13: 3 | U13: 4 | V13: 3 | W13: 2 | X13: 3 | Y13: 4 | Z13: 3 | AA13: 2 | AB13: 4 | AC13: 2 | AD13: 4 | AE13: 3 | AF13: 3 | AG13: 4 | AH13: 5 | AI13: 2 | AJ13: 3 | AK13: 5 | AL13: 3 | AM13: 2 | AN13: 3 | AO13: 3 | AP13: 4 | AQ13: 5 | AR13: 4 | AS13: 3 | AT13: 5 | AU13: 4 | AV13: 4 | AW13: =SUM(B13:AV13) -> 150 | AX13: =(AW13-$C$60)/$C$60 -> -0.05853721
... A50: zarf | B50: 4 | C50: 3 | D50: 4 | E50: 4 | F50: 4 | G50: 5 | H50: 4 | I50: 4 | J50: 5 | K50: 3 | L50: 4 | M50: 3 | N50: 3 | O50: 5 | P50: 4 | Q50: 4 | R50: 4 | S50: 4 | T50: 4 | U50: 4 | V50: 4 | W50: 4 | X50: 3 | Y50: 4 | Z50: 3 | AA50: 4 | AB50: 4 | AC50: 3 | AD50: 5 | AE50: 3 | AF50: 4 | AG50: 4 | AH50: 5 | AI50: 4 | AJ50: 4 | AK50: 5 | AL50: 3 | AM50: 3 | AN50: 5 | AO50: 3 | AP50: 4 | AQ50: 4 | AR50: 5 | AS50: 4 | AT50: 4 | AU50: 4 | AV50: 1 | AW50: =SUM(B50:AV50) -> 182 | AX50: =(AW50-$C$60)/$C$60 -> 0.14230819
A51: Score | B51: =SUM(B2:B50) -> 171 | C51: =SUM(C2:C50) -> 132 | D51: =SUM(D2:D50) -> 161 | E51: =SUM(E2:E50) -> 136 | F51: =SUM(F2:F50) -> 166 | G51: =SUM(G2:G50) -> 166 | H51: =SUM(H2:H50) -> 137 | I51: =SUM(I2:I50) -> 172 | ... AV51: =SUM(AV2:AV50) -> 168 | AW51: Distribution:
A52: 5's | B52: =COUNTIF(B2:B50,5) -> 5 | C52: =COUNTIF(C2:C50,5) -> 0 | D52: =COUNTIF(D2:D50,5) -> 2 | E52: =COUNTIF(E2:E50,5) -> 1 | F52: =COUNTIF(F2:F50,5) -> 2 | G52: =COUNTIF(G2:G50,5) -> 5 | H52: =COUNTIF(H2:H50,5) -> 2 | I52: =COUNTIF(I2:I50,5) -> 5 | ... AV52: =COUNTIF(AV2:AV50,5) -> 6 | AW52: =SUM(B52:AV52) -> 327 | AX52: =AW52/$AW$57 -> 0.14198871
A53: 4's | B53: =COUNTIF(B2:B50,4) -> 20 | C53: =COUNTIF(C2:C50,4) -> 5 | D53: =COUNTIF(D2:D50,4) -> 18 | E53: =COUNTIF(E2:E50,4) -> 7 | F53: =COUNTIF(F2:F50,4) -> 20 | G53: =COUNTIF(G2:G50,4) -> 18 | H53: =COUNTIF(H2:H50,4) -> 4 | I53: =COUNTIF(I2:I50,4) -> 21 | ... AV53: =COUNTIF(AV2:AV50,4) -> 18 | AW53: =SUM(B53:AV53) -> 715 | AX53: =AW53/$AW$57 -> 0.31046461
A54: 3's | B54: =COUNTIF(B2:B50,3) -> 19 | C54: =COUNTIF(C2:C50,3) -> 28 | D54: =COUNTIF(D2:D50,3) -> 22 | E54: =COUNTIF(E2:E50,3) -> 24 | F54: =COUNTIF(F2:F50,3) -> 23 | G54: =COUNTIF(G2:G50,3) -> 20 | H54: =COUNTIF(H2:H50,3) -> 28 | I54: =COUNTIF(I2:I50,3) -> 18 | ... AV54: =COUNTIF(AV2:AV50,3) -> 17 | AW54: =SUM(B54:AV54) -> 894 | AX54: =AW54/$AW$57 -> 0.38818932
A55: 2's | B55: =COUNTIF(B2:B50,2) -> 4 | C55: =COUNTIF(C2:C50,2) -> 12 | D55: =COUNTIF(D2:D50,2) -> 6 | E55: =COUNTIF(E2:E50,2) -> 14 | F55: =COUNTIF(F2:F50,2) -> 3 | G55: =COUNTIF(G2:G50,2) -> 3 | H55: =COUNTIF(H2:H50,2) -> 12 | I55: =COUNTIF(I2:I50,2) -> 4 | ... AV55: =COUNTIF(AV2:AV50,2) -> 7 | AW55: =SUM(B55:AV55) -> 263 | AX55: =AW55/$AW$57 -> 0.11419887
A56: 1's | B56: =COUNTIF(B2:B50,1) -> 1 | C56: =COUNTIF(C2:C50,1) -> 4 | D56: =COUNTIF(D2:D50,1) -> 1 | E56: =COUNTIF(E2:E50,1) -> 3 | F56: =COUNTIF(F2:F50,1) -> 1 | G56: =COUNTIF(G2:G50,1) -> 3 | H56: =COUNTIF(H2:H50,1) -> 3 | I56: =COUNTIF(I2:I50,1) -> 1 | ... AV56: =COUNTIF(AV2:AV50,1) -> 1 | AW56: =SUM(B56:AV56) -> 104 | AX56: =AW56/$AW$57 -> 0.045158489
AW57: =SUM(AW52:AW56) -> 2303 | AX57: =AW57/$AW$57 -> 1
A59: * Notes on 'Generosity Score'
A60: Average fairness is | C60: =AVERAGE(AW2:AW50) -> 159.32653

Sheet Prizes Picked
A1: # | B1: Track | C1: Prize | D1: Status
A2: 1 | B2: Rellik - Out Here Again | C2: $100 | D2: Sent
A3: 2 | B3: mmGhost - Kronos | C3: Pass | D3: N/A
A4: 3 | B4: CS_TBL - The Sea the Siren and the Whale | C4: JRR Shop : UVI: Digital Synsations (vintage 90's synth sample library and player) | D4: Sent
A5: 4 | B5: loris16148 - Off World Colonies | C5: Synthmaster One | D5: Sent
A6: 5 | B6: schiing - Flamingo Kid and the Movie Box | C6: Pass | D6: N/A

Sheet Synths Used
A1: User | B1: Synthesizer | C1: Synthesizer | D1: Company / Developper
A2: baalisoda | B2: =Hyperlink(F2,C2) -> Synth1 | C2: Synth1 | D2: Ichiro Toda | E2: =COUNTIFS(C:C,C2) -> 6 | F2: https://www.kvraudio.com/product/synth1-by-ichiro-toda/details | H2: Free
A3: DawCrash | B3: =Hyperlink(F3,C3) -> Synth1 | C3: Synth1 | D3: Ichiro Toda | E3: =COUNTIFS(C:C,C3) -> 6 | F3: https://www.kvraudio.com/product/synth1-by-ichiro-toda/details | H3: Free
A4: doctorbob | B4: =Hyperlink(F4,C4) -> Synth1 | C4: Synth1 | D4: Ichiro Toda | E4: =COUNTIFS(C:C,C4) -> 6 | F4: https://www.kvraudio.com/product/synth1-by-ichiro-toda/details | H4: Free
A5: MrKarolus | B5: =Hyperlink(F5,C5) -> Synth1 | C5: Synth1 | D5: Ichiro Toda | E5: =COUNTIFS(C:C,C5) -> 6 | F5: https://www.kvraudio.com/product/synth1-by-ichiro-toda/details | H5: Free
A6: Quaoar | B6: =Hyperlink(F6,C6) -> Synth1 | C6: Synth1 | D6: Ichiro Toda | E6: =COUNTIFS(C:C,C6) -> 6 | F6: https://www.kvraudio.com/product/synth1-by-ichiro-toda/details | H6: Free
A7: VCA-089 | B7: =Hyperlink(F7,C7) -> Synth1 | C7: Synth1 | D7: Ichiro Toda | E7: =COUNTIFS(C:C,C7) -> 6 | F7: https://www.kvraudio.com/product/synth1-by-ichiro-toda/details | H7: Free
A8: loris16148 | B8: =Hyperlink(F8,C8) -> Dune 3 | C8: Dune 3 | D8: Synapse Audio | E8: =COUNTIFS(C:C,C8) -> 3 | F8: https://www.kvraudio.com/product/dune-3-by-synapse-audio/details | H8: Commercial
A9: mostlyjustj | B9: =Hyperlink(F9,C9) -> Dune 3 | C9: Dune 3 | D9: Synapse Audio | E9: =COUNTIFS(C:C,C9) -> 3 | F9: https://www.kvraudio.com/product/dune-3-by-synapse-audio/details | H9: Commercial
A10: TheNeverScene | B10: =Hyperlink(F10,C10) -> Dune 3 | C10: Dune 3 | D10: Synapse Audio | E10: =COUNTIFS(C:C,C10) -> 3 | F10: https://www.kvraudio.com/product/dune-3-by-synapse-audio/details | H10: Commercial
A11: CS_TBL | B11: =Hyperlink(F11,C11) -> FM8 | C11: FM8 | D11: Native Instruments | E11: =COUNTIFS(C:C,C11) -> 3 | F11: https://www.kvraudio.com/product/fm8-by-native-instruments/details | H11: Commercial
A12: Darksynth FX | B12: =Hyperlink(F12,C12) -> FM8 | C12: FM8 | D12: Native Instruments | E12: =COUNTIFS(C:C,C12) -> 3 | F12: https://www.kvraudio.com/product/fm8-by-native-instruments/details | H12: Commercial
A13: Rellik | B13: =Hyperlink(F13,C13) -> FM8 | C13: FM8 | D13: Native Instruments | E13: =COUNTIFS(C:C,C13) -> 3 | F13: https://www.kvraudio.com/product/fm8-by-native-instruments/details | H13: Commercial
... A49: TrojakEW | B49: =Hyperlink(F49,C49) -> Zebralette | C49: Zebralette | D49: U-he | E49: =COUNTIFS(C:C,C49) -> 1 | F49: https://www.kvraudio.com/product/zebralette-by-u-he/details | H49: Free
