Workbook

Sheet Results
B1: Track | C1: Score | E1: 5's | F1: 4's | G1: 3's | H1: 2's | I1: 1's | J1: Notes | K1: Collab
A2: 1 | B2: ZioMau - jasf2 (not so stupid) | C2: 167 | D2: pts | E2: 22 | F2: 14 | G2: 0 | H2: 0 | I2: 1
A3: 2 | B3: Taron - Stealing the Ragnarök | C3: 163 | D3: pts | E3: 22 | F3: 11 | G3: 2 | H3: 1 | I3: 1
A4: 3 | B4: ELEX - Bouquet de Fleurs | C4: 162 | D4: pts | E4: 21 | F4: 11 | G4: 4 | H4: 0 | I4: 1
A5: 4 | B5: silverpants - Stuntik Velpern | C5: 160 | D5: pts | E5: 21 | F5: 11 | G5: 2 | H5: 2 | I5: 1
A6: 5 | B6: ] Peter:H [ - ømph | C6: 157 | D6: pts | E6: 18 | F6: 14 | G6: 3 | H6: 0 | I6: 2
A7: 6 | B7: johnkhf - Happy | C7: 157 | D7: pts | E7: 16 | F7: 17 | G7: 2 | H7: 1 | I7: 1
A8: 7 | B8: Tachman - The joyful 90's | C8: 153 | D8: pts | E8: 14 | F8: 18 | G8: 3 | H8: 0 | I8: 2
A9: 8 | B9: z.prime - Boom Boom Tss | C9: 152 | D9: pts | E9: 12 | F9: 19 | G9: 5 | H9: 0 | I9: 1
A10: 9 | B10: bzz - Overtime | C10: 149 | D10: pts | E10: 11 | F10: 18 | G10: 7 | H10: 0 | I10: 1
A11: 10 | B11: Viroo - The untold story | C11: 149 | D11: pts | E11: 9 | F11: 22 | G11: 5 | H11: 0 | I11: 1
A12: 11 | B12: Impedance Music - Sounds like a Plan | C12: 147 | D12: pts | E12: 10 | F12: 18 | G12: 8 | H12: 0 | I12: 1
A13: 12 | B13: VCA-089 - Jungle Assault | C13: 146 | D13: pts | E13: 10 | F13: 17 | G13: 9 | H13: 0 | I13: 1
... A24: 23 | B24: whassup - Nok Nok Ragnarok | C24: 135 | D24: pts | E24: 4 | F24: 18 | G24: 14 | H24: 0 | I24: 1
A25: dq | B25: Neptune - A New Beginning | C25: 135 | D25: pts | E25: 4 | F25: 16 | G25: 17 | H25: 0 | I25: 0
A26: 24 | B26: phankiejankie303 - My Right Hand | C26: 133 | D26: pts | E26: 5 | F26: 17 | G26: 11 | H26: 3 | I26: 1
A27: 25 | B27: toadhjo - Valhalla Beach | C27: 132 | D27: pts | E27: 3 | F27: 18 | G27: 14 | H27: 1 | I27: 1
A28: 26 | B28: PeterBPL - En Último Lugar | C28: 131 | D28: pts | E28: 5 | F28: 14 | G28: 16 | H28: 0 | I28: 2 | J28: Single Instance
A29: dq | B29: acid42 - The Storm Is Upon Us3 | C29: 128 | D29: pts | E29: 2 | F29: 14 | G29: 20 | H29: 1 | I29: 0
A30: 27 | B30: hennessey - mint | C30: 127 | D30: pts | E30: 5 | F30: 10 | G30: 19 | H30: 2 | I30: 1
A31: 28 | B31: kennu - viper | C31: 126 | D31: pts | E31: 2 | F31: 15 | G31: 18 | H31: 0 | I31: 2
A32: 29 | B32: empphryio - Saneville | C32: 121 | D32: pts | E32: 0 | F32: 15 | G32: 18 | H32: 3 | I32: 1
A33: 30 | B33: Juergen - Ambient2 | C33: 119 | D33: pts | E33: 4 | F33: 9 | G33: 16 | H33: 7 | I33: 1
A34: dq | B34: Jorah - The Maze | C34: 115 | D34: pts | E34: 0 | F34: 8 | G34: 25 | H34: 4 | I34: 0
A35: 31 | B35: GeneralQ - Ragnarök | C35: 113 | D35: pts | E35: 0 | F35: 12 | G35: 18 | H35: 4 | I35: 3
A36: 32 | B36: Negoba - Warm Fusion | C36: 113 | D36: pts | E36: 0 | F36: 10 | G36: 20 | H36: 6 | I36: 1
A37: 33 | B37: 1980-F - Körangar | C37: 113 | D37: pts | E37: 0 | F37: 8 | G37: 24 | H37: 4 | I37: 1
A38: 34 | B38: m30li200 - changes | C38: 112 | D38: pts | E38: 0 | F38: 7 | G38: 25 | H38: 4 | I38: 1
A39: 35 | B39: BrainBeatMusic - Recovery Anthem | C39: 110 | D39: pts | E39: 1 | F39: 6 | G39: 23 | H39: 5 | I39: 2
A40: 36 | B40: violator_alba - Unrelated Reflections | C40: 108 | D40: pts | E40: 0 | F40: 7 | G40: 22 | H40: 6 | I40: 2
A41: 37 | B41: Starsickle - HARMONI-ROK | C41: 105 | D41: pts | E41: 0 | F41: 1 | G41: 30 | H41: 5 | I41: 1
A42: dq | B42: misc007 - Don't Cry For Me | C42: 42 | D42: pts | E42: 0 | F42: 0 | G42: 2 | H42: 1 | I42: 34

Sheet Data
A1: Voter Name (KVR nick) | B1: 1980-F - Körangar | C1: acid42 - The Storm Is Upon Us3 | D1: BrainBeatMusic - Recovery Anthem | E1: bzz - Overtime | F1: doctorbob - Ragnarock | G1: ELEX - Bouquet de Fleurs | H1: empphryio - Saneville | I1: eraze the borders - The Orbit Space Conundrum | J1: GeneralQ - Ragnarök | K1: hennessey - mint | L1: h.s.j.e. - This is the Place | M1: Impedance Music - Sounds like a Plan | N1: johnkhf - Happy | O1: Jorah - The Maze | P1: Juergen - Ambient2 | Q1: kennu - viper | R1: kraftraum - Rotation 36 (Kometentanz mit Philae) | S1: Leonard Bowman - 22 steps back | T1: m30li200 - changes | U1: MadMcMan - Kiltarlity | V1: misc007 - Don't Cry For Me | W1: Negoba - Warm Fusion | X1: Neptune - A New Beginning | Y1: ontrackp - A Stroll Thru the Woods At Night2 | Z1: PeterBPL - En Último Lugar | AA1: ] Peter:H [ - ømph | AB1: phankiejankie303 - My Right Hand | AC1: seap - Völusp | AD1: SIL3NC3_SWX - Cosmic Dive | AE1: silverpants - Stuntik Velpern | AF1: Starsickle - HARMONI-ROK | AG1: Tachman - The joyful 90's | AH1: Taron - Stealing the Ragnarök | AI1: The Sound Of Merlin - The Day After | AJ1: toadhjo - Valhalla Beach | AK1: VCA-089 - Jungle Assault | AL1: violator_alba - Unrelated Reflections | AM1: Viroo - The untold story | AN1: whassup - Nok Nok Ragnarok | AO1: ZioMau - jasf2 (not so stupid) | AP1: z.prime - Boom Boom Tss | AQ1: Gen. Score *
A2: 1980-F | B2: 1 | C2: 3 | D2: 3 | E2: 4 | F2: 2 | G2: 3 | H2: 3 | I2: 4 | J2: 3 | K2: 3 | L2: 3 | M2: 4 | N2: 4 | O2: 4 | P2: 2 | Q2: 4 | R2: 4 | S2: 3 | T2: 4 | U2: 3 | V2: 1 | W2: 2 | X2: 4 | Y2: 3 | Z2: 3 | AA2: 4 | AB2: 4 | AC2: 5 | AD2: 4 | AE2: 5 | AF2: 3 | AG2: 4 | AH2: 5 | AI2: 4 | AJ2: 4 | AK2: 5 | AL2: 3 | AM2: 5 | AN2: 4 | AO2: 5 | AP2: 4 | AQ2: =SUM(B2:AP2) -> 145 | AR2: =(AQ2-$B$51)/$B$51 -> -0.020091324
A3: BrainBeatMusic | B3: 4 | C3: 4 | D3: 1 | E3: 5 | F3: 3 | G3: 3 | H3: 4 | I3: 5 | J3: 4 | K3: 4 | L3: 4 | M3: 4 | N3: 4 | O3: 3 | P3: 3 | Q3: 4 | R3: 4 | S3: 5 | T3: 4 | U3: 4 | V3: 1 | W3: 4 | X3: 5 | Y3: 5 | Z3: 3 | AA3: 5 | AB3: 4 | AC3: 4 | AD3: 4 | AE3: 4 | AF3: 4 | AG3: 4 | AH3: 4 | AI3: 4 | AJ3: 4 | AK3: 4 | AL3: 2 | AM3: 4 | AN3: 5 | AO3: 4 | AP3: 4 | AQ3: =SUM(B3:AP3) -> 158 | AR3: =(AQ3-$B$51)/$B$51 -> 0.067762557
A4: bzz | B4: 2 | C4: 2 | D4: 2 | E4: 1 | F4: 3 | G4: 5 | H4: 2 | I4: 4 | J4: 2 | K4: 3 | L4: 4 | M4: 3 | N4: 4 | O4: 2 | P4: 3 | Q4: 3 | R4: 3 | S4: 3 | T4: 2 | U4: 3 | V4: 1 | W4: 2 | X4: 3 | Y4: 3 | Z4: 3 | AA4: 3 | AB4: 2 | AC4: 4 | AD4: 3 | AE4: 4 | AF4: 2 | AG4: 5 | AH4: 5 | AI4: 4 | AJ4: 3 | AK4: 3 | AL4: 2 | AM4: 4 | AN4: 3 | AO4: 5 | AP4: 3 | AQ4: =SUM(B4:AP4) -> 123 | AR4: =(AQ4-$B$51)/$B$51 -> -0.16876712
A5: doctorbob | B5: 3 | C5: 3 | D5: 4 | E5: 5 | F5: 1 | G5: 4 | H5: 4 | I5: 3 | J5: 3 | K5: 3 | L5: 4 | M5: 3 | N5: 4 | O5: 3 | P5: 3 | Q5: 3 | R5: 3 | S5: 3 | T5: 3 | U5: 4 | V5: 1 | W5: 3 | X5: 4 | Y5: 4 | Z5: 4 | AA5: 4 | AB5: 4 | AC5: 4 | AD5: 3 | AE5: 5 | AF5: 3 | AG5: 5 | AH5: 5 | AI5: 3 | AJ5: 3 | AK5: 3 | AL5: 3 | AM5: 3 | AN5: 4 | AO5: 5 | AP5: 5 | AQ5: =SUM(B5:AP5) -> 144 | AR5: =(AQ5-$B$51)/$B$51 -> -0.026849315
A6: ELEX | B6: 3 | C6: 4 | D6: 4 | E6: 5 | F6: 5 | G6: 1 | H6: 4 | I6: 4 | J6: 3 | K6: 5 | L6: 5 | M6: 4 | N6: 5 | O6: 3 | P6: 5 | Q6: 4 | R6: 5 | S6: 4 | T6: 3 | U6: 4 | V6: 1 | W6: 3 | X6: 4 | Y6: 5 | Z6: 4 | AA6: 5 | AB6: 5 | AC6: 4 | AD6: 3 | AE6: 5 | AF6: 3 | AG6: 5 | AH6: 5 | AI6: 5 | AJ6: 5 | AK6: 4 | AL6: 4 | AM6: 4 | AN6: 3 | AO6: 5 | AP6: 5 | AQ6: =SUM(B6:AP6) -> 167 | AR6: =(AQ6-$B$51)/$B$51 -> 0.12858447
A7: empphryio | B7: 3 | C7: 3 | D7: 3 | E7: 4 | F7: 5 | G7: 5 | H7: 1 | I7: 4 | J7: 4 | K7: 4 | L7: 4 | M7: 4 | N7: 4 | O7: 3 | P7: 3 | Q7: 4 | R7: 4 | S7: 5 | T7: 3 | U7: 4 | V7: 1 | W7: 3 | X7: 4 | Y7: 4 | Z7: 4 | AA7: 5 | AB7: 5 | AC7: 3 | AD7: 4 | AE7: 4 | AF7: 3 | AG7: 4 | AH7: 4 | AI7: 3 | AJ7: 5 | AK7: 4 | AL7: 3 | AM7: 4 | AN7: 4 | AO7: 4 | AP7: 3 | AQ7: =SUM(B7:AP7) -> 152 | AR7: =(AQ7-$B$51)/$B$51 -> 0.027214612
A8: eraze the borders | B8: 3 | C8: 3 | D8: 3 | E8: 4 | F8: 4 | G8: 5 | H8: 3 | I8: 1 | J8: 3 | K8: 4 | L8: 4 | M8: 5 | N8: 5 | O8: 3 | P8: 2 | Q8: 3 | R8: 4 | S8: 4 | T8: 3 | U8: 3 | V8: 1 | W8: 3 | X8: 3 | Y8: 3 | Z8: 3 | AA8: 5 | AB8: 3 | AC8: 4 | AD8: 4 | AE8: 5 | AF8: 2 | AG8: 4 | AH8: 5 | AI8: 4 | AJ8: 4 | AK8: 4 | AL8: 3 | AM8: 5 | AN8: 3 | AO8: 5 | AP8: 5 | AQ8: =SUM(B8:AP8) -> 147 | AR8: =(AQ8-$B$51)/$B$51 -> -0.0065753425
A9: GeneralQ | B9: 3 | C9: 3 | D9: 3 | E9: 3 | F9: 4 | G9: 4 | H9: 3 | I9: 5 | J9: 1 | K9: 2 | L9: 5 | M9: 5 | N9: 5 | O9: 3 | P9: 2 | Q9: 3 | R9: 3 | S9: 3 | T9: 3 | U9: 3 | V9: 1 | W9: 2 | X9: 3 | Y9: 4 | Z9: 4 | AA9: 5 | AB9: 3 | AC9: 4 | AD9: 2 | AE9: 3 | AF9: 3 | AG9: 3 | AH9: 3 | AI9: 3 | AJ9: 3 | AK9: 3 | AL9: 2 | AM9: 4 | AN9: 3 | AO9: 4 | AP9: 4 | AQ9: =SUM(B9:AP9) -> 132 | AR9: =(AQ9-$B$51)/$B$51 -> -0.10794521
A10: hennessey | B10: 3 | C10: 3 | D10: 3 | E10: 4 | F10: 4 | G10: 4 | H10: 4 | I10: 4 | J10: 3 | K10: 1 | L10: 4 | M10: 3 | N10: 4 | O10: 4 | P10: 5 | Q10: 4 | R10: 3 | S10: 4 | T10: 4 | U10: 5 | V10: 1 | W10: 3 | X10: 4 | Y10: 4 | Z10: 5 | AA10: 5 | AB10: 3 | AC10: 3 | AD10: 3 | AE10: 5 | AF10: 3 | AG10: 4 | AH10: 3 | AI10: 3 | AJ10: 3 | AK10: 3 | AL10: 3 | AM10: 4 | AN10: 4 | AO10: 4 | AP10: 5 | AQ10: =SUM(B10:AP10) -> 148 | AR10: =(AQ10-$B$51)/$B$51 -> 0.0001826484
A11: h.s.j.e. | B11: 3 | C11: 5 | D11: 4 | E11: 4 | F11: 3 | G11: 5 | H11: 4 | I11: 5 | J11: 3 | K11: 5 | L11: 1 | M11: 4 | N11: 5 | O11: 3 | P11: 4 | Q11: 3 | R11: 3 | S11: 4 | T11: 2 | U11: 4 | V11: 1 | W11: 2 | X11: 3 | Y11: 5 | Z11: 3 | AA11: 4 | AB11: 2 | AC11: 3 | AD11: 4 | AE11: 4 | AF11: 2 | AG11: 5 | AH11: 4 | AI11: 4 | AJ11: 3 | AK11: 5 | AL11: 3 | AM11: 3 | AN11: 3 | AO11: 4 | AP11: 4 | AQ11: =SUM(B11:AP11) -> 145 | AR11: =(AQ11-$B$51)/$B$51 -> -0.020091324
A12: Impedance Music | B12: 4 | C12: 4 | D12: 3 | E12: 3 | F12: 4 | G12: 5 | H12: 4 | I12: 3 | J12: 4 | K12: 3 | L12: 3 | M12: 1 | N12: 4 | O12: 3 | P12: 2 | Q12: 3 | R12: 4 | S12: 5 | T12: 3 | U12: 4 | V12: 3 | W12: 3 | X12: 3 | Y12: 5 | Z12: 3 | AA12: 5 | AB12: 3 | AC12: 3 | AD12: 3 | AE12: 5 | AF12: 3 | AG12: 4 | AH12: 5 | AI12: 5 | AJ12: 3 | AK12: 5 | AL12: 4 | AM12: 5 | AN12: 5 | AO12: 5 | AP12: 5 | AQ12: =SUM(B12:AP12) -> 154 | AR12: =(AQ12-$B$51)/$B$51 -> 0.040730594
A13: johnkhf | B13: 3 | C13: 4 | D13: 4 | E13: 4 | F13: 4 | G13: 5 | H13: 4 | I13: 5 | J13: 4 | K13: 4 | L13: 5 | M13: 4 | N13: 1 | O13: 3 | P13: 4 | Q13: 4 | R13: 4 | S13: 4 | T13: 4 | U13: 5 | V13: 1 | W13: 4 | X13: 4 | Y13: 4 | Z13: 5 | AA13: 5 | AB13: 4 | AC13: 4 | AD13: 5 | AE13: 5 | AF13: 3 | AG13: 4 | AH13: 5 | AI13: 4 | AJ13: 4 | AK13: 4 | AL13: 3 | AM13: 5 | AN13: 4 | AO13: 4 | AP13: 4 | AQ13: =SUM(B13:AP13) -> 164 | AR13: =(AQ13-$B$51)/$B$51 -> 0.1083105
... A38: z.prime | B38: 3 | C38: 3 | D38: 3 | E38: 4 | F38: 3 | G38: 5 | H38: 3 | I38: 5 | J38: 4 | K38: 4 | L38: 4 | M38: 5 | N38: 5 | O38: 2 | P38: 2 | Q38: 3 | R38: 4 | S38: 4 | T38: 3 | U38: 4 | V38: 1 | W38: 3 | X38: 3 | Y38: 5 | Z38: 3 | AA38: 4 | AB38: 3 | AC38: 4 | AD38: 3 | AE38: 4 | AF38: 3 | AG38: 4 | AH38: 4 | AI38: 4 | AJ38: 4 | AK38: 3 | AL38: 3 | AM38: 4 | AN38: 3 | AO38: 5 | AP38: 1 | AQ38: =SUM(B38:AP38) -> 144 | AR38: =(AQ38-$B$51)/$B$51 -> -0.026849315
A39: Score | B39: =SUM(B2:B38) -> 113 | C39: =SUM(C2:C38) -> 128 | D39: =SUM(D2:D38) -> 110 | E39: =SUM(E2:E38) -> 149 | F39: =SUM(F2:F38) -> 136 | G39: =SUM(G2:G38) -> 162 | H39: =SUM(H2:H38) -> 121 | I39: =SUM(I2:I38) -> 140 | ... AP39: =SUM(AP2:AP38) -> 152 | AQ39: Distribution:
A40: 5's | B40: =COUNTIF(B2:B38,5) -> 0 | C40: =COUNTIF(C2:C38,5) -> 2 | D40: =COUNTIF(D2:D38,5) -> 1 | E40: =COUNTIF(E2:E38,5) -> 11 | F40: =COUNTIF(F2:F38,5) -> 5 | G40: =COUNTIF(G2:G38,5) -> 21 | H40: =COUNTIF(H2:H38,5) -> 0 | I40: =COUNTIF(I2:I38,5) -> 9 | ... AP40: =COUNTIF(AP2:AP38,5) -> 12 | AQ40: =SUM(P40:AP40) -> 201 | AR40: =AQ40/$AQ$45 -> 0.2012012
A41: 4's | B41: =COUNTIF(B2:B38,4) -> 8 | C41: =COUNTIF(C2:C38,4) -> 14 | D41: =COUNTIF(D2:D38,4) -> 6 | E41: =COUNTIF(E2:E38,4) -> 18 | F41: =COUNTIF(F2:F38,4) -> 20 | G41: =COUNTIF(G2:G38,4) -> 11 | H41: =COUNTIF(H2:H38,4) -> 15 | I41: =COUNTIF(I2:I38,4) -> 18 | ... AP41: =COUNTIF(AP2:AP38,4) -> 19 | AQ41: =SUM(P41:AP41) -> 387 | AR41: =AQ41/$AQ$45 -> 0.38738739
A42: 3's | B42: =COUNTIF(B2:B38,3) -> 24 | C42: =COUNTIF(C2:C38,3) -> 20 | D42: =COUNTIF(D2:D38,3) -> 23 | E42: =COUNTIF(E2:E38,3) -> 7 | F42: =COUNTIF(F2:F38,3) -> 9 | G42: =COUNTIF(G2:G38,3) -> 4 | H42: =COUNTIF(H2:H38,3) -> 18 | I42: =COUNTIF(I2:I38,3) -> 6 | ... AP42: =COUNTIF(AP2:AP38,3) -> 5 | AQ42: =SUM(P42:AP42) -> 305 | AR42: =AQ42/$AQ$45 -> 0.30530531
A43: 2's | B43: =COUNTIF(B2:B38,2) -> 4 | C43: =COUNTIF(C2:C38,2) -> 1 | D43: =COUNTIF(D2:D38,2) -> 5 | E43: =COUNTIF(E2:E38,2) -> 0 | F43: =COUNTIF(F2:F38,2) -> 1 | G43: =COUNTIF(G2:G38,2) -> 0 | H43: =COUNTIF(H2:H38,2) -> 3 | I43: =COUNTIF(I2:I38,2) -> 1 | ... AP43: =COUNTIF(AP2:AP38,2) -> 0 | AQ43: =SUM(P43:AP43) -> 40 | AR43: =AQ43/$AQ$45 -> 0.04004004
A44: 1's | B44: =COUNTIF(B2:B38,1) -> 1 | C44: =COUNTIF(C2:C38,1) -> 0 | D44: =COUNTIF(D2:D38,1) -> 2 | E44: =COUNTIF(E2:E38,1) -> 1 | F44: =COUNTIF(F2:F38,1) -> 2 | G44: =COUNTIF(G2:G38,1) -> 1 | H44: =COUNTIF(H2:H38,1) -> 1 | I44: =COUNTIF(I2:I38,1) -> 3 | ... AP44: =COUNTIF(AP2:AP38,1) -> 1 | AQ44: =SUM(P44:AP44) -> 66 | AR44: =AQ44/$AQ$45 -> 0.066066066
AQ45: =SUM(AQ40:AQ44) -> 999 | AR45: =AQ45/$AQ$45 -> 1
A50: * Notes on 'Generosity Score'
A51: Average fairness is | B51: =AVERAGE(AQ2:AQ38) -> 147.97297
A56: Legend
A57: Voter Name | B57: is a dq (late, etc)
A58: Voter Name | B58: is outside voter (must have > 40 kvr posts)
A59: 1 | B59: is a self vote

Sheet Prizes
A1: # | B1: Track | C1: Prize | D1: Secondary Prize | E1: Status
A2: 1 | B2: =Results!B2 -> ZioMau - jasf2 (not so stupid) | C2: Pass | E2: N/A
A3: 2 | B3: =Results!B3 -> Taron - Stealing the Ragnarök | C3: Pass | E3: N/A
A4: 3 | B4: =Results!B4 -> ELEX - Bouquet de Fleurs | C4: Dawsome Myth | E4: SENT
A5: 4 | B5: =Results!B5 -> silverpants - Stuntik Velpern | C5: Pass | E5: N/A
A6: 5 | B6: =Results!B6 -> ] Peter:H [ - ømph | C6: Pass | E6: N/A
